month,country,company,reach,site_reach,cookies,bad_qs,tracked,https,requests,requests_tracking,content_length,requests_failed,has_blocking,script,iframe,beacon,image,stylesheet,font,xhr,plugin,media,hosts,trackers,companies,reach_rank,site_reach_rank
2018-07,fr,google,0.8646305251478856,0.9316251246261217,0.3990373188763746,0.10047202536196317,0.4438869484304855,0.8660269492953274,31.739348635143703,4.6818754302509715,9732359.488137146,9.799209821700526,0.47373129424226745,0.9243902075273444,0.17280883300312574,0.012351655146488127,0.5004335651467438,0.40042288087686134,0.22312925851798288,0.128449464665999,0.001553795851220674,0.007642882776988513,3.290796511530647,3.01595353242163,1.0,1,1
2018-07,fr,facebook,0.32039185128571873,0.3807976071784646,0.3210406128582558,0.007244839104903605,0.32257842293706074,0.8290364692996443,75.99092220371816,1.9287378404878999,2626258.5945846895,21.70024660540909,0.4069294831614428,0.9303826573609442,0.35032853215319926,0.0010945570594831072,0.3541293495999277,0.16747819696639465,0.00039491363167537395,0.19582775717911777,0.0035893592443808388,0.021282320443930195,1.5117932667066087,1.10927310231436,1.0,2,2
2018-07,fr,amazon_associates,0.17046630066934854,0.16792622133599203,0.05771030300410564,0.0010154035558736113,0.05796405383359869,0.8740287226727567,74.13739566798505,0.38320237549199243,9320306.75758831,23.722183866090003,0.3899089618869456,0.6932302560642045,0.16013758578098822,0.004346983847198775,0.470112234712313,0.2406618494032853,0.08060150953726895,0.18550006123639892,0.08950680284361025,0.010874864019172996,1.620321318992009,1.339809582816026,1.0,3,3
2018-07,fr,at_internet,0.10433959671522115,0.02687936191425723,0.5764830814641217,0.1514785532456374,0.6292271818656783,0.8445751942556687,9.128698835217966,4.981749481298294,1385.291396907995,4.395189887654409,0.07699900411888061,0.10647623519010997,0.0005293274892614198,0.0,0.9645085754976627,0.0,0.0,0.00144968380937933,2.4521038724278248e-05,0.0,1.0689508722623895,1.0,1.0,4,28
2018-07,fr,twitter,0.10089866655641172,0.1556430707876371,0.3571646643998389,0.0016150894046821703,0.35741248950631416,0.7788757665927023,24.996732630519816,2.1844457795519605,632982.6379116289,8.529469380413566,0.5644972446784376,0.9245949006180751,0.4377125573623835,0.0,0.2756883570547829,0.13753651025059413,0.04396512056032141,0.36032079996456745,0.0005281075256674796,0.017197642381947514,1.1947952670476119,1.0000030428730673,1.0,5,4
2018-07,fr,criteo,0.09186025075633124,0.0477666999002991,0.20753087886867846,0.006169089194067098,0.20776409509874552,0.8903920855027146,3.375972043761466,0.49790179665624373,869.1041147067343,2.330400923952198,0.5713957322915352,0.9405718253997727,0.16072051931461168,7.42726847347351e-07,0.19712379028364738,6.758814310860895e-05,0.00013554764964089156,0.08732648044028847,3.713634236736755e-07,1.8568171183683776e-06,1.4129022794286945,1.035614123693729,1.0,6,15
2018-07,fr,appnexus,0.09179546914914971,0.04617148554336989,0.46826894240213524,0.004894307849362347,0.4696164564690895,0.8406395526223568,6.494696718286687,2.8698686415341297,1140.802485877302,3.583723694953437,0.46584482925852166,0.5313716957383102,0.05552902562394993,0.0042090304253514,0.5440794297481011,0.0012802498512568931,1.337851803925926e-05,0.1770453617235396,1.0405514030534981e-05,7.060884520720166e-05,1.0000089190120263,1.0,1.0,7,16
2018-07,fr,microsoft,0.07419704579496754,0.07455633100697906,0.5192585941260771,0.021758130908325183,0.5198222715095105,0.9358543413503337,25.527703180179522,2.722362222029119,367521.6394588881,12.362625246953682,0.2504805740497829,0.7869851213998326,0.13251751836664133,0.025736056456014084,0.535635123261899,0.1382857862724787,0.04945648350829861,0.1361575133459586,0.0008045965913610234,0.005782980529222259,1.5895352788019144,1.3706128221432339,1.0,8,10
2018-07,fr,comscore,0.07263447522258742,0.05100697906281156,0.49848816314875366,0.005817683465793223,0.4993335518819762,0.8150627607202336,8.880370449342898,4.233304746669873,443.2499945989053,4.566959014614892,0.3214318255042509,0.7749255823084561,0.0,0.0,0.6172389791837114,4.696604073458645e-07,0.0,0.00027146371544590966,0.0019166841223784731,0.0,1.002347832376322,1.0023196527518812,1.0,9,14
2018-07,fr,cloudflare,0.0689458125564835,0.14310069790628116,0.5375096050654381,0.0004270017500639513,0.5377020774649456,0.913050469825622,3.0494243392976688,1.2391417611175075,3583.301304903494,0.8612090928117744,0.013929262187485929,0.7811158352337303,5.442664253422322e-06,0.0,0.0250891978452987,0.49303759545072434,0.03503344022396069,0.0031973178550559135,0.0002849976918155689,0.0,1.0,1.0,1.0,10,5
2018-07,fr,oracle,0.06392153668112671,0.10192422731804586,0.3998520643744116,0.018788144656706095,0.4022018499424695,0.828658845077458,3.572265379007657,1.3422884552574785,15987.225477481978,1.7816332477313335,0.45477983635288516,0.6579981299912263,0.5777814779473451,0.07030144285265996,0.17546221877821824,0.0008554863196903812,0.0,0.1667477857687209,9.712945114388608e-05,1.280827927172124e-05,1.2965089967488317,1.0157968777684563,1.0,11,7
2018-07,fr,ab_tasty,0.0606646490556213,0.01061814556331007,0.4752108174250246,0.0017128564327149956,0.47534127792810726,0.9364229979373745,4.383995307920527,1.2775451607025974,51625.751686426935,2.6939216652158557,0.4051793944383338,0.9317528493248669,0.0,0.0,0.13122245990026518,4.8360358901342617e-05,2.4742509205338083e-05,0.29317061759552293,0.0,0.0,1.001827571702667,1.0,1.0,12,64
2018-07,fr,weborama,0.05793785168498359,0.011136590229312064,0.010403424904747634,0.0007212742944318213,0.010614802432666836,0.9051756876982401,2.501004190456452,0.053147022785790955,595.4552765777802,2.4347099564703605,0.9503298137110416,0.6911203185618321,0.5110949650343886,2.9439767119666177e-05,0.31765449842585564,4.651483204907256e-05,0.0001501428123102975,0.005785503034356797,1.7663860271799706e-05,0.00011658147779387806,1.0009344182083781,1.0,1.0,13,58
2018-07,fr,adobe,0.05054244617804892,0.06246261216350947,0.2589094860606306,0.01928462231581505,0.2698193500922992,0.8993098653815651,11.239070056256939,1.1405681039690334,182757.20012216564,3.788766160792929,0.35344949193268066,0.4890351276833413,0.13606079934125048,7.086956961922793e-05,0.5470516571667696,0.026769123815887606,0.04574124507709597,0.37259102521269305,0.0017980622234821256,0.0018243852064835531,1.3604136083072635,1.3115824499947693,1.0,14,12
2018-07,fr,new_relic,0.05000109845589849,0.05676969092721835,0.1613609910720012,0.014969373539119863,0.16619886663673838,0.9832376583345045,2.0156618631313084,0.4205144754203719,3515.9866994240397,1.2495998569991935,0.4310532800809974,0.9952862949828276,8.187069070208211e-06,0.0235821702009789,0.0030285333002211872,6.140301802656158e-06,0.0,0.024455457568467776,0.0,0.0,1.341004389633533,1.0,1.0,15,13
2018-07,fr,outbrain,0.0498090733548849,0.01674975074775673,0.4172126920334745,0.009183636429634469,0.4174948650671839,0.8152006339304855,5.384637459018133,1.8897497905961043,35467.08874889819,2.084627254216672,0.35597634951650475,0.833193959031489,0.16647866545852777,0.0,0.45951330630773163,9.588404058086552e-06,0.0,0.010825993067583866,7.533746045639433e-06,0.0,1.202428331816311,1.0040791810407117,1.0,16,43
2018-07,fr,mediametrie,0.04808268957677245,0.011046859421734796,0.40055906746411823,0.013267210125648285,0.40313446707674405,0.7398775443600167,3.9478343230530193,2.0851811648184806,674.286976140306,2.193538088244684,0.34666865320080315,0.8099120958644617,0.00011422571284649057,0.0,0.47882922191714733,0.0,0.0,0.0917587212395973,0.000988300732889201,3.5473823865369744e-06,1.0000014189529547,1.0,1.0,17,59
2018-07,fr,tealium,0.04627835636611139,0.013429710867397807,0.06364965892622575,0.006455855013791853,0.06867546612924388,0.9804385676523185,10.907265822299605,0.31753032217355476,553523.8086131632,2.922494357208252,0.05407718425060335,0.9813445103118241,0.0005034652859579625,0.0,0.027725973353933883,0.004598267135879605,0.004200949728659485,0.07196752464621059,0.002348521817074771,0.0005366364980635384,1.0765812716810728,1.0,1.0,18,51
2018-07,fr,gruner_jahr_ag,0.04447197634321712,0.006889332003988036,0.014037553139425887,0.003425776629545137,0.016023521722921714,0.9075899438958122,1.6752277842297678,0.035497366616397394,705.3383978472683,1.517316050522918,0.9127707982074889,0.904188713807276,0.0059348933682916985,0.0,0.11254358928727584,9.204952878312057e-06,3.068317626104019e-06,0.012303953680677117,0.0,2.3012382195780144e-06,1.0088889161628234,1.0001511146430857,1.0,19,95
2018-07,fr,nugg.ad,0.04167142550510891,0.006051844466600199,0.20269804535381658,0.00029798182802027914,0.20280119290966975,0.8008343491184567,1.4330257189425575,0.3628845623310038,54.572069442864034,1.0536842096645986,0.26665853492813646,0.9870607121601963,0.009389702108221433,0.0,0.16035761093888015,1.637262791320215e-06,0.0,0.005675571466111525,3.27452558264043e-06,0.0,1.0,1.0,1.0,20,104
2018-07,fr,acpm.fr,0.04105420927618033,0.0028414755732801594,0.7595071867900667,0.00034068492627079634,0.759512172423134,0.9998205172095744,2.552616709515413,1.4418284643086838,3816.2244698194704,0.690572500245127,8.30938844562918e-06,0.9971623438458176,0.0,0.0,0.744905929413407,1.6618776891258356e-06,0.0,0.3253399786282529,0.0,0.0,1.0,1.0,1.0,21,163
2018-07,fr,kameleoon,0.04101279544199477,0.005034895314057827,0.44462189039828853,0.000458309627662937,0.4447100588566048,0.9768541161361587,14.010776514584395,0.5861888268937088,45342.81792547935,9.240798040996669,0.44848217167230614,0.5651531635840977,0.5176586450005157,0.0,0.01696244689098053,6.986934432611018e-05,0.0,0.5386227754099834,0.0,0.0,1.3169830749831148,1.0,1.0,22,116
2018-07,fr,bootstrap,0.04072777683851839,0.10679960119641077,0.0018108886169484768,0.0007622149127766484,0.002435737325664279,0.8521721868615927,2.0266775219471826,0.005230804538780406,26268.208499282595,0.5670770063213582,0.0008811539431220156,0.2809113745080154,0.0,0.0,0.002450814104158762,0.8494206747863495,0.2571528843971257,0.000861889170601287,3.3503952209962566e-06,0.0,1.0,1.0,1.0,23,6
2018-07,fr,tag_commander,0.04013512235638849,0.00992023928215354,0.46179397475257455,0.00909549891374193,0.4626753907299178,0.9186725892380554,5.073017281532933,1.9049192701161735,25998.26701889307,1.4647935089705537,0.05467073970944721,0.8875391409891579,0.000994461613781708,5.779776900611636e-05,0.5312762427370303,0.0036370096114289987,0.00029493861536944677,0.005552835660543503,0.0,0.0,1.3264197001995723,1.0,1.0,24,70
2018-07,fr,verizon,0.03944326570802169,0.04068793619142572,0.28982516529944174,0.004441138695853351,0.2915817286278308,0.9302209325958823,20.725751252989227,3.489882247121044,659637.8882441719,7.221363304172595,0.547026339801165,0.6103248907012848,0.12785809113199306,0.00783231782466367,0.5333258377405977,0.14985102509437961,0.03896526225205084,0.20229365137709895,0.0025029513896396493,0.005498882147660294,1.4779253352475925,1.3159738288496716,1.0,25,21
2018-07,fr,akamai,0.03820170352088547,0.043369890329012964,0.08471835262180312,0.040891555936562365,0.11693902700385769,0.9269475996570938,87.19103800542935,6.375231283040434,28403031.12530808,17.555091798828403,0.15520074296328046,0.7325698314044864,0.08061955279325618,0.045213601943134736,0.47475978711244465,0.284234354907844,0.1197367481068724,0.3668390127161023,0.01897860408629804,0.03849299899985712,1.227616445206458,1.0723165809401343,1.0,26,18
2018-07,fr,taboola,0.036830236984013984,0.02040877367896311,0.020659721739806992,0.001226338111791278,0.020772722683642744,0.7306742914516638,2.154928925185039,0.236070086519821,5791.212661292639,1.909193553018283,0.946403281843805,0.9442442228267464,0.0007854491833829333,0.0,0.1478774810422392,0.0006835630864818453,0.0,0.03195240622542577,4.631186222776729e-06,0.00013430440046052517,1.0012902484816657,1.0,1.0,27,33
2018-07,fr,mediarithmics,0.03171849399922412,0.003888334995014955,0.4021856501238987,0.026125197893722467,0.40366877753303965,0.8278496696035242,4.516631676762114,2.0842360441905288,263.4338303620595,1.8416280200302864,0.5538206394548458,0.9535519772164097,4.5171393171806166e-05,0.017601786205947136,0.4025975702092511,1.0755093612334803e-06,0.0,0.00986457186123348,0.0,0.0,1.0,1.0,1.0,28,137
2018-07,fr,smart_adserver,0.031028581822478883,0.015333998005982053,0.03215152687869406,0.00040348824936673237,0.03234722417675204,0.8062563766535322,2.2628742435969604,0.1497930885871095,1719.9591850197016,2.062093213481565,0.9241563027723051,0.8521265040106952,0.04461348684210526,4.397692091190543e-05,0.2736123082606248,1.9789614410357443e-05,2.638615254714326e-05,0.048286659161272165,9.125211089220377e-05,3.7380382775119616e-05,1.0924262946805516,1.0,1.0,29,46
2018-07,fr,salesforce,0.029893624439156392,0.02410767696909272,0.4605625027102652,0.03448712652545139,0.4610703208269333,0.6018751611894584,5.0689411592859965,3.0040545567831947,47904.113759246284,1.88811911016572,0.454283816692495,0.8224861862060623,0.30191669957023753,0.0,0.3617525088497292,0.00015063368853974332,0.0,0.010760038251827574,0.0011868108794040383,0.00011069293779056896,1.0068755149503936,1.0068755149503936,1.0,30,31
2018-07,fr,integral_ad_science,0.029634668578116384,0.006430707876370887,8.057952796512518e-05,0.007893340332240905,0.007942839185133768,0.9530865988187042,2.0985959592820134,0.10546939301743856,2733.5920062805985,1.6115111309106522,0.9298773924925204,0.9950397544856896,4.25920362101376e-05,8.74863446478502e-05,0.01869445048790904,0.0,0.0,0.018425084637282766,0.0001277761086304128,0.0,1.0005663589679834,1.0,1.0,31,100
2018-07,fr,iab,0.029243761555107894,0.0325024925224327,0.4911344208443764,0.0008527287319422151,0.49118108178730074,0.8610822072492441,3.5778362854156556,1.243391643958341,15361.362378214939,0.768008790921647,0.0004969390421441637,0.5471625480607712,0.4086658703199074,0.0,0.04181403747806936,0.000555265220799582,1.1665235731083654e-06,0.6748700492739558,0.0,0.0,1.0102339113068797,1.0102339113068797,1.0,32,24
2018-07,fr,automattic,0.02579559932640774,0.09344965104685943,0.045545374116103675,0.003261175742459688,0.04798133750524023,0.7531305832426349,16.340472830808984,0.3374933381294393,1468956.1351245556,6.26869919290529,0.11168270585014725,0.3003706843311482,0.0522489020311597,0.0,0.9421187591662711,0.1154411249337119,0.004910277993411526,0.018833091544350537,9.653926569325111e-05,0.0012417858970679835,1.4209138433339636,1.5557077848999363,1.0,33,8
2018-07,fr,quantcast,0.02512189107984219,0.027098703888334994,0.43613427120393256,0.009950843268786834,0.43625512615083784,0.7308044322533337,2.381908421824502,0.8533934439586106,2632.9014095217403,1.156613074060998,0.3071901903804894,0.898322967871595,0.001605062328562505,0.0,0.4390144211183835,0.0005472420629532061,0.0,0.0016335786643491485,0.00368403899948399,0.0,1.3537519350370713,1.3521835365688057,1.0,34,26
2018-07,fr,comcast,0.02494415955092394,0.010707876370887338,0.07913732033205235,0.0005183189507802136,0.07935476812406833,0.9324038237989086,3.05413629463492,0.49002885627931786,2021.5155892288126,2.528128718152104,0.869736464216846,0.14102651768985655,0.0706855759631296,5.470384704804365e-06,0.8641689801835314,0.0,0.0,0.07623801643850604,0.0050710466213536465,0.0004813938540227842,1.0442280603383434,1.0442280603383434,1.0,35,62
2018-07,fr,cedexis,0.024213174675365347,0.007716849451645065,0.008884418032579017,0.00027473224173055953,0.008884418032579017,0.9310633405749934,6.530282537455162,0.032842478394774735,12572.524455396164,3.165231014593213,0.5475498110687507,0.8880247738037876,0.19196598392182387,9.016853061926056e-05,0.11141730841300568,1.127106632740757e-05,0.0,0.32551543995198523,1.4088832909259463e-06,0.0,1.455045351953135,1.0,1.0,36,86
2018-07,fr,js_foundation,0.02389987594953325,0.06432701894317049,0.025762277368762115,0.0010162746682120132,0.026413149909077675,0.8137762311625212,1.8479156377837218,0.04640749759491178,59897.116200731376,0.4216526453115767,0.0005680861207140186,0.9267639930459407,2.8547041241910484e-06,0.0,0.02339430029774564,0.1292453018706876,2.8547041241910484e-06,0.0077490943451166,1.1418816496764194e-05,0.0,1.0017413695157564,1.0,1.0,37,11
2018-07,fr,iadvize,0.023464280192766047,0.00711864406779661,0.40652982063855986,0.041883956622939714,0.4072044069092754,0.9745707145235225,6.836171490297734,2.6021438467991316,4343.686153099099,2.985209986784506,0.644753274433035,0.9991436825141132,0.35910815042692296,0.0,0.012091668132631803,0.01283313149053035,0.0002835006956670917,0.21874913677672794,2.9076994427394018e-06,0.0,1.0,1.0,1.0,38,92
2018-07,fr,linkedin,0.022435347683124537,0.0353938185443669,0.3141027298009479,0.001067409494470606,0.3141985229607081,0.9087562550652534,14.42503424985593,1.9621936329479812,2417656.9901120174,3.85714198827066,0.502786364527945,0.721395478258754,0.034333484879125756,3.041052690799447e-05,0.4482085918861673,0.13682152213810334,0.016242262421559846,0.13280733258624805,2.8890000562594746e-05,0.07748602256156992,1.2050642650459884,1.0,1.0,39,22
2018-07,fr,pinterest,0.02183975943679369,0.0410468594217348,0.40273161222602655,0.002400782245770125,0.4031517881688451,0.7979484792442456,21.76597605778122,3.0175208682178294,358035.86455495714,5.860178254567265,0.2017047584535026,0.7745342138804888,0.002638205083347912,0.0,0.44594881663459374,0.04003074000949691,1.5619923524854422e-06,0.01897976907505061,4.3735785869592384e-05,0.00011246344937895184,1.0919404318596455,1.0,1.0,40,20
2018-07,fr,woopic.com,0.021793092117876188,0.001296111665004985,0.007255337799762069,0.0,0.007255337799762069,0.9959661261035627,37.54185555068562,0.028249639972450065,309610.6550685618,10.884521946027174,0.09673314131864004,0.9907488573038633,1.0957360215390395e-05,0.0,0.7339083338551123,0.9833385511239121,0.37232170809592385,0.07113518251831444,0.4717378373301609,5.478680107695197e-05,1.0,1.0,1.0,41,214
2018-07,fr,kaspersky-labs.com,0.0217000986154134,0.08294117647058824,0.10869435352782678,0.0004213081303036877,0.10905120780237505,0.7629780196631422,10.00449919354078,0.35185674265933464,382465.50995261857,0.7229002977453727,0.011607982217023992,0.9845342187092251,0.005027400748922363,0.0,0.02600791681994108,0.2507019182096291,0.0,0.026652455377495228,1.100431683629035e-05,0.0,1.0,1.0,1.0,42,9
2018-07,fr,chartbeat,0.021667076711384056,0.010927218344965104,0.003984910555998148,0.0018420961479722773,0.005027190598696992,0.7041530608710438,4.5941389853671435,0.031348697779723086,287.0292846054293,1.6213295840641364,0.4784647939213976,0.8893592969175591,0.00018106073249300162,0.0,0.40095977932632815,0.0,0.0,0.03503603895797187,0.0,0.0,1.292084024775406,1.0,1.0,43,61
2018-07,fr,hotjar,0.021533181077794013,0.04275174476570289,0.0012863957314474645,0.0,0.0012863957314474645,0.9334813005270737,1.189372660288552,0.004109495723367885,2672.353071269809,1.0569990542139758,0.9499874053619889,0.9970881830610832,0.03422256230385237,0.0,0.00024080314184730863,4.752693589091617e-06,0.0011691626229165379,0.014232733068133031,0.0,0.0,1.0,1.0,1.0,44,19
2018-07,fr,contentsquare.net,0.020899249215627438,0.003998005982053838,0.0013156219496668505,0.01842033958063326,0.019272392505851742,0.9809920377123195,3.3860615893888397,0.05660438954162164,23373.79814180642,0.5973348045664814,5.060084421795579e-05,0.7869557552747299,0.0,0.0,0.6163427668541618,0.0,0.0,0.004805447915408447,0.0,0.0,1.0,1.0,1.0,45,135
2018-07,fr,yandex,0.020898089355361946,0.044885343968095716,0.45036597867464134,0.01418697886399697,0.45116257810918636,0.896254350281748,12.453056134142122,4.86793589333403,180214.0002840334,6.494332390908319,0.5452608863148135,0.9343572683168899,0.04890598167821301,0.16942755842273313,0.3886376843768568,0.020982559695986315,0.01214650900092066,0.44114631964531736,0.0003868730860392684,0.002094338267461525,1.1640325561047593,1.017267272169297,1.0,46,17
2018-07,fr,orange_mobile,0.019596282661494508,0.0013160518444666,0.05048194511901094,3.829796864092695e-05,0.050483685935767346,0.993294373854325,1.8081236954754432,0.31891762977353716,232749.0178903738,1.3097400438337659,0.9350013839493213,0.9948489232177953,0.0004299817388322253,0.0,0.029019415329284193,0.002760935375659552,3.655715188452118e-05,0.0036383070208880603,1.7408167564057705e-05,0.0,1.0032831804025812,1.0,1.0,47,212
2018-07,fr,onfocus,0.017431130567653354,0.0007976071784646061,0.5703851859390106,0.0,0.5703851859390106,0.7940443153663396,2.327045994512441,0.6408251691866905,4775.501411030698,1.6466552114197592,0.7410337903689815,0.9993952725578992,0.5207662229389363,0.0,0.0,0.0,0.0,0.0008845851256619711,0.0,0.0,1.5652381530175703,1.0,1.0,48,232
2018-07,fr,digiteka,0.017063011387508088,0.0025523429710867396,0.8102154611412223,0.005667925539252634,0.8102494487017752,0.9050067675230865,21.51379794995032,8.16502560063017,34708876.29737916,5.785076661941729,0.5499447202323949,0.8950524108176408,0.45915394965442646,0.0,0.5757892611304263,0.002321150458932031,1.799341441032582e-05,0.7336814725810353,1.9992682678139803e-06,0.4155818970256886,1.8791062471135564,1.4366941699338043,1.0,49,175
2018-07,fr,tradelab,0.016385755333071614,0.0044765702891326024,0.48343222367955363,0.042712301959069804,0.4835154997605813,0.6518164595174151,8.784979076884643,5.816959173901276,13308.90169675015,2.7458268273895032,0.5671684050548581,0.9987633501967398,0.0009764120500489247,0.0,0.39838860783211544,0.0001228322195157496,4.163804051381342e-06,0.0018258280765307184,8.119417900193617e-05,0.0,1.0,1.0,1.0,50,125
2018-07,fr,jsdelivr,0.016279014075109004,0.03456630109670987,0.000930425543953177,0.0006957236049379611,0.0014815559900335498,0.941244884231173,3.4601687758407884,0.004662605484900492,23721.310814520508,0.9167604426646214,0.029281162445175094,0.8409559074687606,8.382212107686279e-06,0.0,0.03214578343297688,0.34663590394823146,0.032950475795314765,0.02159886504848062,0.00012154207556145104,0.0,1.0,1.0,1.0,51,23
2018-07,fr,le_monde.fr,0.014943366752318936,0.0014257228315054835,0.05409224559865586,0.0,0.05409224559865586,0.97647061509241,114.31116909562422,4.895611896413178,1002282.3727491051,20.603805975600846,0.8110184272043246,0.9850815435751333,2.05456936226167e-05,0.0,0.8862910000730514,0.8889459602600628,0.36581607495069035,0.0009154247936299218,0.0,9.131419387829645e-06,1.0,1.0,1.0,52,207
2018-07,fr,adyoulike,0.01361901101034882,0.004536390827517447,0.012985126219234219,0.0001603102002374595,0.013030213463051004,0.8871867062766453,1.4901108645228518,0.06555434766272737,2455.4237825191744,1.2828598337783612,0.9437812166542259,0.9598498093811525,0.0016832571024933247,0.0,0.037169422833182204,0.010304940059014193,0.0032312524735362926,0.03863976795098516,0.0,1.7533928150972132e-05,1.0032537960954446,1.0032537960954446,1.0,53,124
2018-07,fr,nielsen,0.013305712284516725,0.017198404785643072,0.5409827659585378,0.017926274606324448,0.5418749775665185,0.8281595315376293,3.406648514775332,1.639364478697166,551.896139390117,1.7178457704554895,0.260564246927254,0.47281318422118646,0.06764143348665015,0.0036483250521738685,0.6419590710743971,5.12765291942919e-06,0.0,0.04103917014065152,0.00024612734013260113,0.0,1.0038944523923066,1.0038944523923066,1.0,54,37
2018-07,fr,disqus,0.012933635934053894,0.030099700897308075,0.40556529995911744,0.008466641170031783,0.4104580162738866,0.584612341250478,18.702601975549605,1.9518509238134174,266177.2845609084,5.157811861210387,0.2720218391865694,0.9918788821923589,0.7014493518139977,0.0,0.6801508697429676,0.6772996426075145,0.39632584699381485,0.44616561383148484,2.110066335210413e-05,0.0,1.9348675273978926,1.2238648502512297,1.0,55,25
2018-07,fr,ownpage,0.01289000471994901,0.001415752741774676,0.6358665735094851,0.010392848069105691,0.6359089176829268,0.9697292090108401,2.140280953590786,1.2171356283875339,1844.7981109205623,0.7739535696138211,0.0007013253726287263,0.9822048611111112,0.0,0.0,0.6010490768970189,0.0,0.02307228150406504,0.00031228827913279135,0.0,0.0,1.0,1.0,1.0,56,208
2018-07,fr,accengage,0.012487226185987823,0.0008673978065802592,0.9354294097238348,0.0,0.9354294097238348,0.9998251600195602,5.512961379487446,4.433070435925245,3149.902898245863,1.1509224174905546,0.0,0.9994071831913214,0.9722605443533516,0.0,0.021538100090425054,9.288373960863163e-05,0.0,0.01311573040767766,0.0,0.0,1.0,1.0,1.0,57,227
2018-07,fr,onesignal,0.0123742762642511,0.019022931206380857,0.650596298154591,0.002456318334445247,0.6506073253973943,0.9948034118289234,3.7969002420479794,2.546024954650464,4364.285448450397,1.164027479889066,0.02847785453964018,0.998971709608588,0.4861249717426903,0.0,0.009125043419768539,0.2356990444894111,0.0,0.06423920295089017,0.0,0.0,1.1010067872679454,1.0,1.0,58,36
2018-07,fr,rubicon_project,0.012349748630989638,0.014376869391824526,0.037920661622732506,0.006568716006618437,0.042064090558782824,0.8715537029824402,7.786185255470016,0.27506291106267905,388.31610219353126,7.595496368975109,0.8998091260403459,0.09748383372143452,0.10574306873396147,0.0001160160102094089,0.1393103676878838,0.0,0.0,0.7322626712962579,1.6573715744201272e-05,0.0,1.0000027622859573,1.0,1.0,59,50
2018-07,fr,vivendi,0.012263304927673161,0.009661016949152543,0.7579092312613879,0.09491633865112592,0.7636535599538228,0.611063048527755,92.26666481216185,8.676061588105206,7854809.486376344,13.43485263641042,0.003844388500215586,0.9081853206670654,0.7547964449142524,0.020732436680250915,0.7379835041795902,0.052024423828532486,0.4546058945435832,0.7479950484721198,0.008654046761339138,0.00322127487934128,2.8119365202998736,1.3396108321626772,1.0,60,72
2018-07,fr,elastic_ad,0.012242768578266484,0.003798604187437687,0.00010031124349718433,0.0,0.00010031124349718433,0.6996876419334435,1.4246537172281775,0.0001978360635638913,1020.509790098723,1.3638344530111486,0.942566240251001,0.9987293909157023,0.00042632278486303337,0.0,0.006052111690996787,0.0,0.0,0.0015771156616501756,5.5728468609546845e-06,0.0,1.0,1.0,1.0,61,142
2018-07,fr,millward_brown,0.011914562236669079,0.0004885343968095713,0.018278541610596055,0.0,0.018278541610596055,0.9987058426052648,1.986608906780583,0.03586419364259496,0.5082230531807067,1.9513431177740492,0.9484026318351266,0.0036018805366744735,2.8631800768477535e-06,0.0,0.9963637613024033,0.0,0.0,0.0,2.8631800768477535e-06,0.0,1.0,1.0,1.0,62,241
2018-07,fr,cloud-media.fr,0.01186714441993273,0.0024227318045862414,0.19129449912611535,0.0,0.19129449912611535,0.9058992962928893,1.7596242296016926,0.3035024376782265,208.4589187977187,0.5920539738754484,0.007149181308067335,0.12861914727256002,8.623861650262166e-06,0.0,0.8778429997240365,0.0,0.0,6.324165210192255e-05,0.0,0.0,1.0,1.0,1.0,63,184
2018-07,fr,optimizely,0.01175091959862285,0.017048853439680958,0.030119170307578418,0.0013702408082098326,0.031103305125339296,0.9494578549344636,4.434871467347916,0.11629918859680954,27210.34208990754,3.2814683639847297,0.5906870073882687,0.9451177913576125,0.1495855892470933,0.0,0.002882731191848228,2.9030525597665946e-06,0.0,0.3521838212880844,8.418852423323125e-05,0.0,1.0,1.0,1.0,64,38
2018-07,fr,realytics.io,0.01130365701212627,0.0019441674975074776,0.026008438105470284,0.0009687524520603343,0.026530538336642987,0.9958382877526754,2.955829716858707,0.07897294132559136,54.59399614913355,0.8407292502882114,6.035840822805821e-05,0.8726135794346831,0.002625590757920532,0.0,0.02070595194263537,3.0179204114029107e-06,0.0,0.7266096078514217,0.0,0.0,1.0,1.0,1.0,65,194
2018-07,fr,kxcdn.com,0.011189137867677409,0.00551345962113659,0.0015091601447574216,0.0006981771174736354,0.0017957481318426694,0.9740607383604118,5.491879498897855,0.009436061915200444,72883.3761650259,1.3825675234834465,0.0021951420287380677,0.9774723549300756,0.0035701546050726073,0.0,0.019103833266767685,0.013829394781049827,0.006536645152242246,0.06548535504897911,0.0007987877937907969,6.097616746494633e-06,1.0,1.0,1.0,66,109
2018-07,fr,wikimedia.org,0.011173616208242131,0.004606181455633101,0.8137215990621051,0.0014257713514602708,0.8137399173235799,0.9853698151687417,21.739022781811187,10.630462658223983,335562.61888246395,6.631335828687619,0.00547410713740528,0.3273809160351955,0.0004640626240298954,0.000189288701906931,0.961913281350178,0.018229723211069113,0.0,0.06673647959650976,0.0,0.0013647104798773899,1.011717581256755,1.0,1.0,67,123
2018-07,fr,mediamath,0.01114929325620399,0.015154536390827518,0.5308953611827592,0.011259710735583439,0.531675585703839,0.8077863347499763,3.158385577779206,1.5331197659938378,322.49488876446094,1.6403593316382574,0.21551637094627465,0.21518286320981309,0.010565157926622179,0.0,0.8447200217850925,0.0,0.0,0.0012055233776684443,0.0,1.529852002117315e-05,1.0003426868484744,1.0,1.0,68,47
2018-07,fr,exoclick,0.01100710803306939,0.020309072781655033,0.05952687185622062,0.007422651017631508,0.059979359141637816,0.8161259030375534,5.31828141609925,0.3199333046138207,32014.672076885647,4.94538540449574,0.8531492805142239,0.8788697735394113,0.2555933317010733,0.0,0.03034454117479336,0.0,0.0,0.0601684120485587,6.198455964619213e-06,0.0008336923272412842,1.1521287047396493,1.0,1.0,69,34
2018-07,fr,datadome,0.010788917849007753,0.0009870388833499502,0.0143234312997012,0.0,0.0143234312997012,0.999778666624508,2.4484688473273994,0.02039112769354813,24052.281194567848,0.47442492846189116,0.0,0.9983336758730811,0.0007746668142222503,0.0,0.0009454097038875626,0.0007715049088580779,0.0,0.9746225475471519,0.0,0.0,1.0,1.0,1.0,70,220
2018-07,fr,axel_springer,0.010633905935878285,0.006051844466600199,0.008773871506892381,3.207996894659006e-06,0.00877707950378704,0.9908058808999073,1.2732443434994756,0.015837880668931513,3537.1725677769546,0.6680589373189487,0.32952864901626777,0.9959098039593097,0.0023514617237850514,0.0,0.003702028416436493,0.0,0.0,0.008732167547261815,0.0,0.0,1.006124066071904,1.0008404951864007,1.0,71,104
2018-07,fr,notify,0.010508163437683914,0.001674975074775673,0.012313535799503303,0.00016556560131153928,0.012414173714026004,0.9644650770204685,1.3169347639066988,0.013683509990747805,0.6048306198970896,1.2981933871151006,0.9417890824094665,0.9123248981446913,0.0,0.0,0.015222296167643288,0.0,0.0,0.07299170548801273,0.0,0.0,1.0,1.0,1.0,72,200
2018-07,fr,sirdata,0.010421412712532455,0.004336989032901296,0.2904396841815825,0.010569834889293337,0.2962041559189766,0.7549232058449976,1.6179016144448954,0.6330247600591832,24.57462715881267,0.9667323530567086,0.2737027483534757,0.9526534246395978,0.00717531064643264,0.0,0.0531994291176201,3.27340814162073e-06,0.0,0.001587602948686054,0.0,0.0,1.0,1.0,1.0,73,128
2018-07,fr,wonderpush,0.01036034948090795,0.0008574277168494517,0.0020414748668102283,0.0,0.0020414748668102283,0.999881462749669,11.93663196159393,0.019785842701068812,94128.55624921799,2.1900415538916436,0.0,0.9996839006657843,0.41300024365990345,0.0,0.02792869325852316,6.585402796162027e-06,0.0,0.9123120690677046,0.0,0.0,1.0,1.0,1.0,74,228
2018-07,fr,trafficjunky,0.01014454724445174,0.0009471585244267199,0.028300871623802862,0.007919267190358334,0.029827558377273217,0.9981370386312278,2.2791348326697514,0.22149063811471,3617.641541348327,2.0729446895512753,0.9383911277305499,0.8414700581082535,0.3081519692241472,0.0,0.028475734423759818,3.3627461530184006e-05,0.0,0.00744511998278274,0.0,3.3627461530184006e-05,1.0,1.0,1.0,75,222
2018-07,fr,amplitude,0.009998814213446219,0.004416749750747757,0.0027089360772967956,0.0,0.0027089360772967956,0.9866497898356897,3.0540763687974235,0.004469403351711338,18966.413174163437,1.4494616245428245,0.5242405426060375,0.9603041923685791,0.0,0.0,8.18821988099787e-05,0.0,3.411758283749113e-06,0.7866013428680605,0.0,0.0,1.1151741361428025,1.0,1.0,76,127
2018-07,fr,pornhub,0.0098238117675056,0.002333000997008973,0.161584031891768,0.004441373179523152,0.16537256835686556,0.993245918034267,115.27052094980797,9.866248341864196,176895287.1209762,37.638123580601025,0.8248418259981803,0.9591942328126845,0.8520283081111489,0.0,0.9300145151992888,0.7686388354504226,0.0,0.012410842645516609,0.007240236965837194,0.6676644419287853,1.014779112003167,1.0,1.0,77,187
2018-07,fr,crazy_egg,0.009757802072984139,0.016939182452642074,0.0036568439967976396,0.0002691940609497306,0.0036568439967976396,0.8525271029475001,1.227489957663116,0.005950237555018721,151.45461982456936,0.7016455797985589,0.2970049538699268,0.999608445002255,0.0,0.0,3.4960267655809175e-05,6.9920535311618346e-06,0.0,0.0015732120445114128,0.0,0.0,1.0148546177269533,1.0,1.0,78,40
2018-07,fr,liveinternet,0.009567857897740988,0.026919242273180457,0.4840928295617016,0.0,0.4840928295617016,0.6062337995728614,2.691372726592054,1.2426561034830697,123.63059638964457,1.4550024779745498,0.05063625116322187,0.00046707146193367583,0.0,2.8523448057018372e-05,0.9997825087085652,0.0,0.0,1.4261724028509186e-05,0.0,0.0,1.0,1.0,1.0,79,27
2018-07,fr,ebay_partner_network,0.009209392848629093,0.003200398803589232,0.8518093220182025,0.007930716431510984,0.8520130536406841,0.9704626189514859,59.3168878698192,31.17779843904535,782359.2466819527,17.73079644247545,0.693772850353567,0.8903627534143568,0.2718261391375855,0.0012186855235717486,0.9595944629449221,0.8670336305345547,0.11869033904646192,0.007560295299726258,0.012027574149050054,0.0,2.817508325214937,1.0012483192141146,1.0,80,157
2018-07,fr,gigya,0.009138504918285115,0.00386839481555334,0.690576180077272,0.004449670567594303,0.6910054687645818,0.9361069115478657,4.3956884484013665,2.9815667170614257,91846.12220542396,1.1275062060212404,0.3545401944864401,0.9696250256639977,0.7416988633182149,0.0,0.05708419657688934,4.4795341284506414e-05,0.0,0.0003396980047408403,1.1198835321126603e-05,0.0,1.0,1.0,1.0,81,138
2018-07,fr,coll2onf.com,0.008916323450368692,0.0006281156530408774,0.0034931056119247663,3.825964525656918e-06,0.0034931056119247663,0.6863436022221202,4.085831688168588,0.014584576771804171,200.12530033821525,1.1375702064490458,0.010460187013146015,0.0,0.0,0.0004935494238097424,0.9938210672910641,0.0,0.0,0.0010100546347734263,0.0,0.0,1.0,1.0,1.0,82,235
2018-07,fr,1000mercis,0.008860820725311112,0.002502492522432702,0.4898188608057903,0.04192188492560011,0.4908121426783961,0.8733065121561532,4.861633525188165,2.6046353154054938,1826.8031877418236,1.9765770274692487,0.44449363799110664,0.9873183314404512,0.001181928429806156,0.0,0.4994282854337908,0.0,0.0,0.15821671254499606,0.0,0.0,1.0,1.0,1.0,83,178
2018-07,fr,marketgid_usa,0.008779732847338236,0.007008973080757727,0.04094526126014112,0.0048568586615274625,0.04153974076031208,0.7545032793509683,2.2867489353765813,0.45263202884585496,2220.9488514500636,1.848850672966336,0.9159102918777782,0.749020857293836,0.25352025115787513,0.0,0.06270398806378415,1.554194771688788e-05,7.77097385844394e-06,5.439681700910758e-05,3.88548692922197e-06,0.0,1.0042429517267104,1.0,1.0,84,93
2018-07,fr,traffic_stars,0.008579281702631204,0.0038484546360917247,0.024851685143066182,0.0,0.024851685143066182,0.9549886278688785,6.107919933834873,0.28977860130739747,7478.949712118079,5.819521098086619,0.9353657372799135,0.9671321552971864,0.0835294959680626,0.0,0.2527197684220572,0.025595247562546723,0.0,0.29814467259395927,0.0,0.001208785965358739,1.0339971052757146,1.0,1.0,85,140
2018-07,fr,acxiom,0.008511668671860385,0.011146560319042872,0.7756963648751553,0.007799286601739409,0.7782253216303956,0.9314937277063043,3.802200312612721,2.053332531762254,67.71673279628071,1.7108051781491724,0.09646507154021883,0.011578694240711795,0.05992545388962366,0.0,0.9553484830267324,0.0,0.0,0.00016832992665624625,0.0,0.0,1.1196144443108493,1.0602661215983327,1.0,86,57
2018-07,fr,brightcove,0.00843586839215667,0.005214356929212363,0.16461777360810068,0.03973504577658439,0.19377406101387856,0.7908268901038465,28.558668435184885,0.43957248228785867,10651528.246049142,8.855067775225647,0.05952573517518036,0.9480403416259584,0.04145773349293132,0.0,0.480290187958979,0.007820840477499919,0.0,0.47912151014202065,0.004076218821778655,0.002753874025427841,1.4837638704668241,1.4837638704668241,1.0,87,113
2018-07,fr,imgur,0.008178857002738226,0.016390827517447658,0.5779382200088424,0.0043127539060870725,0.5789350751186633,0.7256437848795015,10.031561517221819,4.822005055181561,705278.5450128048,3.1271303085662803,0.07784645928743629,0.02863351602058777,0.013597270535632356,0.0,0.9613520525205002,0.0011094705406374868,1.2512825646287445e-05,0.02475454007023866,0.00011678637269868282,0.00842113165995145,1.0,1.0,1.0,88,44
2018-07,fr,beampulse.com,0.008156819657693852,0.0014556331006979062,0.11166083945330144,0.0,0.11166083945330144,0.9992722953644378,1.6569750907539689,0.34898455927865235,1418.720942001104,0.34808956622112186,4.182210549207889e-06,0.0964208642119879,0.7040458704853038,0.05474513608913127,0.00013383073757465246,5.8550947688910453e-05,0.0,0.0011542901115813775,0.0,0.0,1.0,1.0,1.0,89,206
2018-07,fr,snowplow,0.007941870259668152,0.0018943170488534397,0.043203168289613285,3.0067824421086996e-05,0.043203168289613285,0.9022280257896026,1.655847977079727,0.11018139488932893,65660.23450325806,0.41997018989978824,0.045290734385134465,0.9516895969622906,0.003436322790981371,0.0,0.002877920337446898,0.0031098721258381408,0.0,0.05168229477635982,0.0010394876442718648,0.0013659383094150948,1.0,1.0,1.0,90,196
2018-07,fr,fimalac_group,0.007917683761778893,0.0007577268195413759,0.1516557660988031,0.0,0.1516557660988031,0.1262483950744944,4.938922351765203,2.132620703323596,8810.601405440806,2.681733578057545,0.8838852553662677,0.9846487259692026,0.0024989444114124205,0.0,0.7274039414385303,6.89363975562047e-05,0.0,0.00033175641323923515,0.00013356427026514663,0.004855707502865169,1.7929538384647865,1.0,1.0,91,233
2018-07,fr,digidip,0.007901070469152562,0.0006281156530408774,0.0008462465081537578,0.0,0.0008462465081537578,0.32985048205827877,1.2692056940300762,0.0011268894827965858,2347.636269434526,0.6381605364166641,0.00021587921126371373,0.9987824412484727,0.00116143015659878,0.0,4.317584225274274e-06,0.0,0.0,0.03821925556212788,0.0,0.0,1.0,1.0,1.0,92,235
2018-07,fr,pagefair,0.007686666887722388,0.0022233300099700898,0.012772605025607342,0.0,0.012772605025607342,0.6768504300435813,1.9767448053043146,0.01935418016562669,14.001344718319235,1.9422880626292571,0.9609321605140996,0.9998446695010784,0.0,0.0,0.011059531523215253,0.0,0.0,0.00350159324711751,0.0,0.0,1.903162528958043,1.0,1.0,93,189
2018-07,fr,doublepimp,0.007608410433338805,0.0009770687936191426,0.025561354424477205,0.009994081566770688,0.02565551131676172,0.9962516589547689,1.2071675813336202,0.07766598515011298,252.87108576347788,1.1424593780264716,0.9356191039850784,0.9860647799418918,0.0004887191075720076,0.0,0.012903977904515944,0.0,0.0,0.02662398220883102,0.0,0.0,1.0000089673230748,1.0,1.0,94,221
2018-07,fr,paypal,0.007591728913638033,0.019820538384845463,0.8959661728295206,0.00013480540839298473,0.8959661728295206,0.994037107435417,8.767209033759768,5.842533802456154,211139.07708622603,2.1652669371761863,0.0009031962362329977,0.6246208597888947,0.07518097626076758,0.0,0.6349020189356663,0.22579007203102322,0.07687053737929299,0.16181591872132578,0.0011458459713403703,2.6961081678596946e-05,1.0969385691753952,1.0,1.0,95,35
2018-07,fr,early_birds,0.007589204511883723,0.0009172482552342971,0.10195128310011732,0.0006472811942338034,0.10235583384651345,0.9770709626959262,3.757737033024826,0.34851147800367693,26419.39695418238,1.0093855773163902,0.0598780054749201,0.9369350336451371,0.0,0.0,0.01728330688770121,0.2114227150749093,0.0,0.6847336033334982,0.0,0.0,1.0,1.0,1.0,96,224
2018-07,fr,sharethis,0.007570169158114744,0.020887337986041875,0.5114753211873229,0.01629482089666578,0.5127370882921531,0.5700618716512476,7.054566920972823,3.8630351807706695,31088.151380508403,2.7199462847718228,0.43192991784994883,0.9567619451041183,0.37595252150636965,0.01437062606179955,0.3829418100049119,0.3769484162569679,5.8582044152836046e-05,0.5505134941485551,0.0,0.0,1.0,1.0,1.0,97,32
2018-07,fr,jw_player,0.007545129821794975,0.015653040877367897,0.0025364300989705077,0.005597327027674668,0.0076364178915529195,0.47838156770369433,9.45052152800698,0.03200604041107349,398869.1324278745,2.949217142831307,0.330694421210162,0.9631109925534753,0.20743567369120658,0.011434281141348332,0.7042459206879558,0.025197014156083136,0.14504672728176982,0.3680672040944583,0.010168326724749861,0.005850517910994362,2.367275982584084,1.0,1.0,98,45
2018-07,fr,index_exchange,0.007540626834881883,0.012821535393818544,0.04803094392544505,0.0016648193806690944,0.04893121310140469,0.7825148725372661,2.3105611979461194,0.12762107263226946,262.7345201203375,2.171444728448958,0.9034042841955258,0.7428125494808749,0.015218620642855528,9.047931416679862e-06,0.04695424008686014,0.0,0.0,0.2092107941821801,0.0,0.0,1.0077540772240947,1.0,1.0,99,52
2018-07,fr,usabilla,0.007457492144675784,0.00386839481555334,0.0031334626363170607,0.0,0.0031334626363170607,0.9819814462416746,1.192056100417185,0.003796750347654249,5016.818776074068,0.6160662006879895,0.36991784381175435,0.9985499158310767,0.0,0.0,0.017245480494766888,4.574398009221987e-06,4.574398009221987e-06,0.0003842494327746469,0.0,0.0,1.0,1.0,1.0,100,138
2018-07,fr,apple,0.007198945646082422,0.0023728813559322033,0.21502257983499898,0.00045965246482710905,0.21508418274265623,0.24824550180306973,1.7025385136639988,0.40221486146453805,99766.02810040326,0.5657374104980832,0.15455695662681432,0.8431874292158897,0.010695212506337991,0.0,0.14193783792748865,0.011088523378303456,0.00910301427765852,0.014723094930080699,4.738685204403186e-06,0.004776594686038412,1.0,1.0,1.0,101,186
2018-07,fr,skimlinks,0.007170426728966173,0.005004985044865404,0.2997150238114495,0.0007374175162826545,0.29977211419980687,0.32723259099970026,2.9663499735956953,0.8680308097795836,1994.538495573116,1.7567664004034387,0.16749368437578796,0.32150927956687425,0.0002902094741499479,0.0,0.7773617580033588,0.0,0.0,0.10269609359017665,0.0,0.0,1.0041628408177246,1.0,1.0,102,117
2018-07,fr,alexa,0.006980039077739157,0.011874376869391825,0.00022970304771958633,0.020810118663616994,0.02092741383692061,0.9997311985611792,1.9109876253592164,0.02318045862412762,55.54061345375638,0.9673479561316052,0.21260238891169628,0.9819658671045687,0.0,0.0,0.4769563857447266,0.0,0.0,0.0003812093132367603,0.0,0.0,1.3843567337204075,1.0,1.0,103,54
2018-07,fr,mixpanel,0.0069570124401153914,0.014476570289132603,0.016465869361616578,0.00030891893084629077,0.01677478829246287,0.9737762152037148,3.4452600558015467,0.03330930630537862,9071.58177770586,2.828907947062083,0.7202861668064157,0.8226020780927443,0.0,0.0,0.004663204813251151,0.0007257143137341434,0.0,0.5184051937608183,0.001068957570230022,0.0,1.344179820238603,1.0,1.0,104,49
2018-07,fr,openload,0.006927060754435886,0.006191425722831505,0.9745000221610468,0.0,0.9745000221610468,0.9939180238255876,92.60327294037694,13.331366745625656,837475610.4728626,61.59506842838781,0.0030089776862882215,0.873888869737367,0.8893474310422094,0.0,0.9090313652682226,0.7707907553962149,0.0015217252128691661,0.7972313465544497,0.054826429756868696,0.5939554513712764,1.783826375585421,1.0,1.0,105,103
2018-07,fr,admo.tv,0.006873945976983733,0.001345962113659023,0.011707079830473147,0.0,0.011707079830473147,0.9995781679586306,3.4579160504610376,0.01603954303183095,4883.489161397902,0.8520610217268315,0.0013548252622802752,0.8496392095363817,2.9776379390775277e-05,0.0,0.009989975285605105,0.0,0.0,0.8037190697859078,0.0,0.0,1.0,1.0,1.0,106,211
2018-07,fr,polyfill.io,0.00685030529569,0.005343968095712861,0.0012150849812508403,0.005487801841550927,0.006184981748825999,0.9979931178383439,1.2855001518856226,0.010945724544218636,569.0366368041273,0.3833294324457569,0.023006936940077386,0.9980229969772271,0.0,0.0,0.0005726834952616666,0.0,0.0,0.0017280101987460722,0.0,0.0,1.0,1.0,1.0,107,111
2018-07,fr,eulerian,0.006726404928505531,0.0021834496510468593,0.709585803618069,0.0,0.709585803618069,0.8745086901616315,1.397683299776343,0.8627730414804973,113.5395406157919,0.534185021579596,8.114536685313196e-05,0.9986763162032083,0.0,0.0,0.000862169522814527,0.0,0.0,0.0011258919650872059,0.0,0.0,1.0,1.0,1.0,108,191
2018-07,fr,proxistore.com,0.006677588456743148,0.0004885343968095713,0.6794979207748817,0.003862147885525119,0.6795081380973302,0.9865335690129045,5.405903568910731,3.812185178752056,4062.6542151563763,1.48797421147814,0.0006079306856845095,0.9995197858449215,0.0,0.0,0.0,0.0,0.0,0.0007969511509813738,0.0,0.0,1.0,1.0,1.0,109,241
2018-07,fr,eperflex,0.006308036508034625,0.004047856430707876,0.7148659099143921,0.0,0.7148659099143921,0.894307052505773,1.5082552335422603,0.8212402589325791,26.365680076576552,0.6616084320734615,0.09142677907989162,0.043847647271960326,0.000124382817865699,0.0,0.9885567807563557,0.0,0.0,0.0023686814880511373,0.0,0.0,1.0,1.0,1.0,110,134
2018-07,fr,nextperf,0.006270818638927176,0.003728813559322034,0.049047448074767984,0.0004134434398494196,0.04931945033782681,0.9347738573184929,1.4275766774379564,0.08643143910957339,28.062489799915134,1.3426793310920346,0.8808194884181436,0.8009650640293328,0.005004841640282447,0.0,0.19894245520122728,1.632013578352972e-05,0.0,0.0007180859744753077,0.0,0.0,1.0,1.0,1.0,111,145
2018-07,fr,zebestof,0.006255126411805795,0.0019042871385842473,0.33801987325618177,0.00295590144086561,0.338461622364503,0.8084063219205724,2.958022927324091,1.2885494268168978,5685.681646142603,1.3537374156041055,0.00018542555164101615,0.8679551924608152,0.1038764847678363,0.0,0.48402613409539597,1.6361078085972013e-05,0.0,0.0005671840403136964,0.0,0.00010907385390648008,1.0,1.0,1.0,112,195
2018-07,fr,zencoder,0.0061939267260324084,0.008494516450648056,0.0008812125484666902,0.0003304547056750088,0.0010244095875925274,0.7941873017271766,1.5690430031723652,0.003100766654917166,29358.63681375573,0.4077480613323934,0.0007490306661966866,0.8395256873457878,0.0,0.0,0.0015806750088121254,0.33083472858653507,0.0022911526260133946,0.0002423334508283398,0.013559658089531195,3.304547056750088e-05,1.0,1.0,1.0,113,78
2018-07,fr,realytics,0.0061668405774794165,0.001226321036889332,0.00016595306847223606,0.0,0.00016595306847223606,0.9931572018099948,1.247956011373317,0.00027658844745372677,1110.6868686868686,0.6679279099870556,0.3038379412968679,0.9999336187726111,0.0,0.0,0.0,0.0,0.0,8.297653423611803e-05,0.0,0.0,1.0,1.0,1.0,114,216
2018-07,fr,github,0.006129383913611424,0.010648055832502492,0.09257775106302456,0.00015027048687637747,0.0925944477837886,0.9842271644515683,12.227804492531,0.3183897682495158,196505.16516952738,3.488150893831118,0.00177541797457646,0.1758053384981856,0.02181148289142679,0.07438945657739486,0.7673256305794875,0.062045014359179855,0.001441483559295621,0.06727108795832498,2.226229435205592e-05,0.001140942585542866,2.8421492018967474,1.5805115875242102,1.0,115,63
2018-07,fr,iac_apps,0.006108438201758102,0.01691924227318046,0.5858194368431047,0.007176285308999117,0.5872882018518726,0.9423160692944343,24.45017926751628,4.283823480135372,10927933.9158783,5.786889457282952,0.22648579821514336,0.7258994091432018,0.4664697144005987,0.1281176352324893,0.8177111838357664,0.532251398956786,0.09209659224179334,0.27047614792641655,0.002189185868581832,0.08244071885715562,1.7844768851012498,1.229322804391775,1.0,116,41
2018-07,fr,improve_digital,0.00605017228018567,0.0035493519441674973,0.03545451469941473,0.0012348184985960283,0.036548372182189294,0.944545936375836,4.477699967297045,0.1537320838548891,123.28540658795403,4.347790295115983,0.9028214756926825,0.012009878547988769,0.00046799057252726187,0.0,0.06197773943638148,0.0,0.0,0.9411741488773865,0.0,0.0,1.0,1.0,1.0,117,150
2018-07,fr,rythmone,0.005993270900102054,0.005972083748753739,0.14768393611329303,0.005026012317429961,0.15037623942715983,0.7630488485138258,4.2312136425213165,0.8180105415343283,12623.664583404483,2.45161822797491,0.6909600081964414,0.49998292408046174,0.04335575970766026,0.0,0.6684824061109024,0.20008424120305546,0.051791263959564224,0.019369784729574353,0.0,0.0004553578543537903,1.0300820782532474,1.023069567296199,1.0,118,106
2018-07,fr,fontawesome_com,0.005989688978693912,0.016899302093718843,0.008753794544967849,0.0008770880676155165,0.009465716677772651,0.989087657548368,3.0844225741965245,0.02153422067307966,23350.054601579897,0.7320211184581475,1.1390754124876838e-05,0.5376265085629994,0.0,0.0,0.00013099367243608363,0.8535775511017707,0.34294712981472936,0.02009898565334518,2.2781508249753676e-05,0.0,1.0,1.0,1.0,119,42
2018-07,fr,sizmek,0.005989006707949505,0.011036889332003988,0.45538587727342633,0.012012918586702058,0.45884906101013323,0.94153599033954,3.0486383650127307,1.1531319598316254,14061.824340257803,1.643035753954466,0.4834843729529907,0.6705133828128115,0.08422143870221746,0.009478187068882041,0.32551079112103487,0.00827062958174082,1.7088077648224835e-05,0.10416892134357858,0.0014524866000991108,0.0027170043460677485,1.021650594380301,1.009170601671214,1.0,120,60
2018-07,fr,histats,0.005954824943654671,0.008404785643070787,0.36816778281268797,0.0,0.36816778281268797,0.3295619246214747,1.842969998682394,0.5008736301193293,1882.3554271048756,0.9869786146804232,0.28089643043326323,0.9302585372281005,0.0,0.0,0.08040834331085765,0.0,0.0001203031639732125,0.0004411116012351125,0.0008421221478124875,0.0,1.0,1.0,1.0,121,80
2018-07,fr,bazaarvoice,0.005711424855587163,0.004695912263210369,0.35754730504587157,0.03429018539755352,0.36133409785932724,0.9167084766819572,11.214138952599388,2.276901758409786,221764.373088685,2.848313264525994,0.5276722572629969,0.9786171636085627,0.058928230122324156,0.0,0.4719275611620795,0.7544796444954128,0.11083835053516819,0.06440534212538226,4.7782874617737003e-05,5.9728593272171254e-06,1.0,1.0,1.0,122,121
2018-07,fr,neustar,0.005702998811893726,0.008255234297108675,0.5037834151827105,0.004952834421002889,0.5038611770757939,0.7473575910561859,2.556482051956908,1.1638502904107622,1442.2207719961477,1.2988389551194244,0.36571418317113,0.7720858730567004,0.4062101844153203,4.187178858335776e-05,0.5580791616071589,1.794505225001047e-05,0.0,0.0002631940996668202,0.0,0.0,1.001579164598001,1.001579164598001,1.0,123,83
2018-07,fr,lotame,0.005609902968819272,0.008444666001994018,0.41720787118116365,0.0013134851138353765,0.4178828565868846,0.88638353765324,3.131962687293248,1.0448591652072388,3452.147426542129,1.7947557890640202,0.3386115975870792,0.7615112375948628,0.2861816501264838,2.4323798404358825e-05,0.2808304144775248,3.040474800544853e-05,0.0,0.0003891807744697412,0.0,0.0,1.0,1.0,1.0,124,79
2018-07,fr,octapi.net,0.00544847771069237,0.025044865403788634,0.00028801121991534973,0.982675499010744,0.9826817601242205,0.867126649803401,1.9365999649377645,1.0398707706178467,13.525025670565253,0.9711613113276065,0.00019409451776904003,0.9991171829998247,0.0,0.0,0.0,0.0,0.0,0.000513411305066493,0.0,0.0,1.0,1.0,1.0,125,29
2018-07,fr,alibaba,0.005418662479161746,0.002053838484546361,0.6653907656665113,0.019717706903715642,0.6667317208295035,0.9489870437289886,68.96585915563894,5.083126628977222,2605185.44369877,18.639276765590964,0.043666032913209356,0.8776394152680022,0.7352778232457411,0.0,0.8886692436509236,0.8910804447186512,0.5155752256959746,0.4145503078530867,0.0041487767718865285,0.007982775336497903,2.5593986477128214,1.8799310006169654,1.0,126,193
2018-07,fr,adotmob,0.00536264805104586,0.0067198404785643075,0.02205470737913486,0.0,0.02205470737913486,0.9982824427480916,1.217029262086514,0.036151399491094145,272.5216475826972,1.1810432569974554,0.9424745547073792,0.12392493638676845,0.00013994910941475826,0.0,0.8787786259541984,6.361323155216285e-06,0.0,0.002684478371501272,0.0,5.725190839694656e-05,1.0,1.0,1.0,127,96
2018-07,fr,findizer.fr,0.005309328592370385,0.024556331006979064,0.510277119194022,0.0017219555761162192,0.5102899696087692,0.9999228975115172,1.4210759652267777,0.5256526404389702,3.5718884326991653,0.9310253988447477,2.5700829494271926e-05,0.9990876205529533,0.0,0.0,9.637811060351973e-05,0.0,0.0,0.001066584424012285,0.0,0.0,1.0,1.0,1.0,128,30
2018-07,fr,mail.ru_group,0.005144355526372562,0.01193419740777667,0.6613351370349003,0.03646527542920803,0.663616289016651,0.5735373107605387,55.716580128778986,17.78587012022467,26031080.079913262,8.548802726772369,0.3016160370289322,0.7962612980020026,0.31737853197259963,0.03458863004887235,0.6650619027725281,0.38364467079130776,0.004389891313718079,0.2093885319062871,0.18545632986518656,0.0523935517668981,1.7306317597363412,1.378207041067367,1.0,129,53
2018-07,fr,wingify,0.0048858090277792,0.009082751744765702,0.020771948443674856,0.007135775230062421,0.02646241499211015,0.9294940721397551,2.5081900825292203,0.0798899610395051,6428.348151820251,1.0258759129184063,0.23832930695004959,0.998638477328902,0.0013545405035539234,4.8875172808646714e-05,0.505746323888788,6.28395078968315e-05,0.0,0.06334222396000615,0.0,0.0,1.0041823183589114,1.0,1.0,130,74
2018-07,fr,ibm,0.004778726634444384,0.002382851445663011,0.22344609981225416,0.028861460705438918,0.25185068852037723,0.9691325856813461,17.3633702876152,7.842521933425184,74375.57750762049,3.908282946538838,0.2265157085442202,0.9793979283710371,0.2141516101168593,0.0,0.5894077082872297,0.20330803880556528,0.0,0.2315912708894013,0.0,0.0,1.0047686014719845,1.0,1.0,131,185
2018-07,fr,markmonitor,0.004708555088382035,0.0012362911266201395,0.5750438323214467,0.1709315636184487,0.6315259443872894,0.881587526987669,10.736172894961818,5.562212916407054,4689.634315273934,5.291836320693203,0.4135090490197499,0.49716720038253664,0.005158448408270905,0.0029921898772695,0.9975004709257677,0.0,0.00020286033066233897,0.3676843493254894,5.7960094474954e-05,0.0,1.0,1.0,1.0,132,215
2018-07,fr,adition_technologies_ag,0.004688973918017528,0.007617148554336989,0.021251054913715334,2.9101068009195936e-05,0.021251054913715334,0.9889634199575125,1.5200215347903268,0.21819980793295113,380.9626997060792,1.3063469429328056,0.9150539824811571,0.04806041381718709,0.021323807583738322,0.0,0.9426417949538748,0.000472892355149434,7.275267002298984e-06,0.0031429153449931612,5.092686901609289e-05,7.275267002298984e-06,1.0,1.0,1.0,133,88
2018-07,fr,exponential_interactive,0.0046576918043864275,0.006550348953140578,0.01179184824403999,0.00013915845753836013,0.011828468890760611,0.976357710477167,1.5061412824550482,0.07810451532574066,226.19135752737392,1.413805983813674,0.9531548687149815,0.13109459113047936,0.001882301241439924,0.0,0.8672574797670927,0.0,0.0,0.002394990295528619,0.0,0.0,1.0046508221335189,1.0,1.0,134,99
2018-07,fr,pingdom,0.004437932397612653,0.008195413758723829,0.5654954532526731,0.0058650350134134815,0.5656030685740201,0.9428178303213854,2.443905513747857,1.0003997140507175,1525.9087652679236,1.0504485252857572,0.419499896228083,0.9900071487320609,0.0,0.0,0.4559430561213901,0.0,0.0,0.5506214784807791,0.0,0.0,1.0,1.0,1.0,135,84
2018-07,fr,popads,0.0043101430871850584,0.010338983050847458,0.036154400183621295,0.0026435134985397356,0.0373811804000095,0.7395110291498809,2.235177724837155,0.04826390812603386,77.65271830751819,2.135816442020784,0.861452982658868,0.999849620489604,0.00010289124395513942,0.0,0.00018995306576333431,0.0,7.914711073472264e-06,0.0007993858184206985,0.0,0.0,1.0,1.0,1.0,136,66
2018-07,fr,parse.ly,0.004308300956175157,0.0035094715852442672,0.3553482774183842,0.013761649497596859,0.3563776297973759,0.8525175583761571,4.791358190873604,0.6028758521849984,528.4572620810338,1.6155527226370425,0.5499592218096014,0.9951066171521779,6.334476178410522e-05,0.0,0.3348720831716722,0.0,0.0,0.0017894895204009723,0.0,0.0,1.426334001092697,1.0,1.0,137,151
2018-07,fr,doofinder.com,0.004296838807669105,0.006291126620139581,0.0063354954468588486,0.0006668942575640893,0.006589550402121359,0.9723159490937383,2.926292306104464,0.012639234024309883,74988.60789793343,0.6416237287328215,0.0007383472137316704,0.9909016569146614,0.0003175686940781378,0.0,0.01295680271838802,7.939217351953445e-06,0.0,0.6748255356986909,0.0,0.0,1.0,1.0,1.0,138,102
2018-07,fr,vkontakte_widgets,0.0042286117332283185,0.014805583250249253,0.4905814112958526,0.0011697604814572796,0.4906459498051744,0.8426470469598328,36.94486797841187,3.493598586606646,1168464.852061602,10.453108739320893,0.09992174705744734,0.6131884443799059,0.1300128270287277,0.0,0.5263680147147801,0.0974128125075631,3.226925466089047e-05,0.027840299458683253,0.003517348758037061,0.01257694200408206,1.1302871156933452,1.0,1.0,139,48
2018-07,fr,ccm_benchmark,0.004161919767962449,0.0008075772681954138,0.5016065310404747,0.004811396534483041,0.5021802921263586,0.7969049687710038,22.389501811445715,1.437386272356191,230786.69704595007,8.5568023475025,0.44059113785019915,0.9059851477844626,0.035483024868444776,0.0,0.8011508008065441,0.8140194423042245,0.3969852953230275,0.09990819822625858,0.0,9.835904329437222e-05,1.0,1.0,1.0,140,231
2018-07,fr,mobtrks.com,0.0041350724141699996,0.002452642073778664,0.0,0.00038774079115621,0.00038774079115621,0.9078414387658293,1.7283422018727055,0.0005527368724992782,3.2727302726560246,1.7074701975828075,0.935090541599637,0.999620509012911,0.0,0.0,0.0,0.0,0.0,1.649960813430681e-05,0.0,0.0,1.0,1.0,1.0,141,182
2018-07,fr,videology,0.004006771400684099,0.005523429710867398,0.020348391710797418,0.0,0.020348391710797418,0.9973521548861682,1.2008530999369966,0.03764878165068878,0.953351950550854,1.1628978153149319,0.9496568869514874,3.405588570844756e-05,0.0004171845999284826,0.0,0.999012379314455,0.0,0.0,0.00034907282851158754,2.5541914281335673e-05,0.0,1.0,1.0,1.0,142,108
2018-07,fr,adelphic,0.0039836083089114524,0.005423728813559322,0.021014771997430955,1.7126953543138514e-05,0.021031898950974095,0.9969085848854635,1.1777435238706915,0.024851209591093985,0.5621323057161207,1.153260543780775,0.9534831941768358,0.00045386426889317065,0.003759366302718904,0.0,0.9961464354527938,0.0,0.0,0.0,0.0,0.0,1.0,1.0,1.0,143,110
2018-07,fr,dynadmic,0.003977740780509545,0.005284147557328016,0.028704235740075298,4.288054338224574e-05,0.028721387957428197,0.9996655317616184,1.188288465991441,0.0417913775803367,0.4364124422184678,1.1462741095855167,0.9452415461008722,0.0003516204557344151,0.00013721773882318636,0.0,0.9993567918492663,0.0,0.0,0.0002658593689699236,0.0,0.0,1.0,1.0,1.0,144,112
2018-07,fr,purch,0.0039435249026774895,0.0009272183449651047,0.03780276816608997,0.005441176470588235,0.038961937716262975,0.7484602076124568,3.3917474048442906,0.09576124567474048,48487.78296712803,1.9635034602076125,0.9093079584775087,0.9897404844290657,0.014567474048442906,3.460207612456748e-05,0.11202422145328719,0.007993079584775086,2.5951557093425606e-05,0.0013667820069204152,0.0,0.0,1.1224567474048444,1.0,1.0,145,223
2018-07,fr,visible_measures,0.003929606579491569,0.00514456630109671,0.06729634002361275,0.0,0.06729634002361275,1.0,1.266676505312869,0.0751961941801514,10.567435238558232,1.2620407667199112,0.12934926036530314,0.0,0.0,0.0,1.0,0.0,0.0,0.0,0.0,0.0,1.0,1.0,1.0,146,115
2018-07,fr,segment,0.0038763212343533144,0.0076669990029910266,0.013288744169673503,0.0,0.013288744169673503,0.9386605649916395,4.692880401302473,0.016210507788436152,3093.3077532341813,2.79303881017337,0.5853295784563936,0.9560767402974567,0.0,4.400246413799173e-05,0.00042242365572472057,1.760098565519669e-05,8.800492827598345e-06,0.6849599577576344,0.0,0.0,1.4678694006864383,1.0,1.0,147,87
2018-07,fr,chatango,0.00387246640464741,0.002761714855433699,0.7351498013513394,0.0009602086031167138,0.735845732357268,0.37860408573165255,14.416263643330955,5.3752918065135615,190641.0573834756,6.022340266215633,0.4862972065857977,0.9936309099077671,0.7948060642899302,0.0,0.46488191196032314,4.4046266198014394e-05,0.0,0.7944448849071064,0.002995146101464979,0.1600200850973863,1.0,1.0,1.0,148,169
2018-07,fr,ad6media,0.00386813398542042,0.0034695912263210367,0.02970279566099303,0.0,0.02970279566099303,0.8148161213510892,1.821218802363524,0.24137049122497575,1805.1441220566187,1.5324279036952113,0.9277096745744775,0.9972660728459299,0.0070552958814710295,0.0,0.014057677043831025,0.0,0.0,0.0003527647940735515,8.819119851838787e-06,0.0,1.0086515565746539,1.0,1.0,149,152
2018-07,fr,zopim,0.003864245042177295,0.017008973080757727,0.71712454535824,0.0,0.71712454535824,0.9428740421625057,4.26337441293831,2.3777146085666865,10340.297768282779,1.9849306119566368,0.39381687206469157,0.9947914827500971,0.00017655990677636923,0.0,0.2775698294431301,4.413997669409231e-05,0.003831349977047212,0.0025336346622408983,0.0,0.008298315618489354,1.0,1.0,1.0,150,39
2018-07,fr,ensighten,0.00382910809884029,0.004067796610169492,0.022967410865420593,0.0022717958769132083,0.024624485505051405,0.9158811895301392,6.3045275555476366,0.22075619621189174,1109.1000659266253,1.80513336778148,0.039457976230778825,0.7906740552001853,0.0,0.0,0.19431427400530976,0.0,0.0,0.20879140459348217,0.0,0.0,1.0,1.0,1.0,151,132
2018-07,fr,seedtag,0.0037895363956646335,0.0017347956131605184,0.29978575157985704,0.0011072502385539131,0.29994778820013324,0.510784437282826,4.156257314152999,1.9109788812271573,46519.2876420071,1.4285958626649622,0.0002970671371730011,0.9994238697945735,0.25839439713375223,0.0,0.24271285310480167,0.0,0.0,0.2962389500027006,0.0,0.0,1.0,1.0,1.0,152,199
2018-07,fr,datalogix,0.0036974980722440116,0.0036689930209371883,0.04685020481972174,0.0001660700446543898,0.04685943093331365,0.9411558475107945,1.4929697014429641,0.10434734472450825,25.50077499354172,0.9082186219876739,0.3594955161087943,0.0,0.0006919585193932908,0.0,0.3022567073845813,0.0,0.0,0.6946433184485368,0.0,0.0,1.0,1.0,1.0,153,147
2018-07,fr,openx,0.0036681945437716935,0.010598205383848454,0.10619460796622307,0.020115503724576624,0.11621051065294014,0.7481423615954765,4.708999432711176,0.6139832045308707,519.9995629086108,4.175617740330516,0.8314780198830083,0.22872899403881744,0.26195723944238297,0.0,0.11370885993545927,0.0,0.0,0.6294952989426108,0.0,2.7899450380827496e-05,1.0,1.0,1.0,154,65
2018-07,fr,teads,0.0036537986310646877,0.00481555333998006,0.01182929220312398,0.00021473853249554184,0.011875974492796922,0.6888065205822215,1.5900267956342722,0.03813943066279515,890.3883593042472,1.5482461463769874,0.9593490621528005,0.9765561541262476,0.0022594228201704837,0.0,0.024760286442529433,0.0016152072226838581,0.0,0.003547854015143735,3.7345831738355106e-05,2.8009373803766327e-05,1.0,1.0,1.0,155,120
2018-07,fr,effiliation,0.0036528434520225164,0.003609172482552343,0.023421959487854763,0.0007657897440207697,0.02410369913801959,0.8825913577825717,1.8685176365113607,0.03118258482055305,3248.6519765780404,1.3971086767713556,0.7695906760429215,0.9436584204185695,0.001522240588724213,0.0,0.06293484249946302,9.33889931732646e-06,0.0,0.0014755460921375807,0.0,0.0,1.0,1.0,1.0,156,149
2018-07,fr,trustpilot,0.003621254316556432,0.007218344965104686,0.11165016532740478,0.10994507927237102,0.2028110368995695,0.9009354422390323,6.358284739950825,0.794372273981894,34717.38369146421,1.5423304098800787,0.16515783821465244,0.95520616468682,0.5710719433270844,0.0,0.4938343711435381,0.00029203131329307697,9.420364944937967e-06,0.5695552645709495,0.0,0.0,1.0,1.0,1.0,157,91
2018-07,fr,salecycle,0.003589528726941466,0.0026520438683948155,0.003250239966547238,0.0,0.003250239966547238,0.8921148418121513,4.211797800861029,0.011347329006015795,2847.8848730790796,1.023730553206048,0.2569970443724281,0.9988880758009181,0.5227374243273809,0.28429145719091836,0.000494188532925311,7.602900506543246e-05,0.0,0.17205363846307367,0.0,0.0,1.3244157646142003,1.0,1.0,158,172
2018-07,fr,sentry,0.003565069320754444,0.008534396809571286,0.0006219738579603085,0.0,0.0006219738579603085,0.9812833712896867,1.5741775591832048,0.017970260080760914,9219.24267506172,0.3338851357816776,1.9137657168009494e-05,0.8450041145962911,0.0007463686295523702,0.0,0.00011482594300805695,1.9137657168009494e-05,0.0,0.13455686754827473,0.005138460949610548,0.0,1.0205634126270262,1.0,1.0,159,77
2018-07,fr,the_trade_desk,0.0035164575302153835,0.011365902293120638,0.072806821819734,0.0028715282156750515,0.07308815397599945,0.8810450034438936,1.5907490226132848,0.29925980539575675,3262.705057188037,1.2927309591486307,0.8486432999291819,0.21603399268536394,0.02963688749624082,3.880443534696016e-05,0.7829473908867783,0.0003007343739389412,0.0,0.0035021002900631542,9.70110883674004e-06,0.00016491885022458066,1.0,1.0,1.0,160,56
2018-07,fr,adventori,0.0035124662463605974,0.0026021934197407778,0.03553669243619129,0.0,0.03553669243619129,0.9535565828833379,1.5925954702614507,0.33933219377646556,6200.146119031895,1.2085097704051901,0.9283730235810574,0.17918884270230373,0.013227924323064372,0.0,0.8497630239695427,0.012781166232858087,0.002806806262382969,0.00041762169301891923,0.0013596985354104346,0.00019424264791577638,1.0,1.0,1.0,161,173
2018-07,fr,advanced_hosters,0.0034350626304075244,0.0024825523429710867,0.0005859278017776453,0.0,0.0005859278017776453,0.9641988182134168,33.325467997417945,0.019405134316500323,494958581.0788818,6.502825363722131,0.006316103083569194,0.004190873429663836,0.0020656437757584785,0.0,0.2715924325934753,0.0,0.0,0.27374745518645416,0.0017081285068772034,0.7640001986195938,1.2032970852574607,1.0,1.0,162,180
2018-07,fr,howtank.com,0.0033946722023385787,0.00033898305084745765,0.9230939293143472,0.006602285174503321,0.9252042487765172,0.8864045180934771,2.735396086864769,0.9999095577373356,28455.02644933726,0.438232959170343,6.029484177628604e-05,0.9968646682276331,0.0,0.0,0.17908572921586557,0.0,0.10051150124106882,0.9714202449980405,0.0,0.0,1.0,1.0,1.0,163,244
2018-07,fr,infonline,0.0033825277830881184,0.005174476570289133,0.4956986536231153,0.22609046442438607,0.5064797539206293,0.9056426806515052,3.265533760274318,1.8115879179063084,36.79677272956482,1.6789269325803036,0.20434672986737937,0.9853058342998335,0.0,0.0,0.05601331249054511,0.0,0.0,0.0488931470929353,0.0,0.0,1.001270737733851,1.0,1.0,164,114
2018-07,fr,zendesk,0.0033049535994489434,0.009930209371884347,0.395371641498333,0.01231407603141999,0.399603637452132,0.9954480238643284,6.050598156501275,0.8843013593996759,441990.86759013636,1.5867197902581518,0.22949804399211404,0.9540363951652027,0.009836810107244971,0.0,0.0914111126020582,0.09644821998121407,0.04113293628265604,0.6475882784034022,4.1287765402916984e-05,0.00021676076836531414,1.1575541127775313,1.1575541127775313,1.0,165,69
2018-07,fr,velocecdn.com,0.0032470970403231563,0.0028614157527417747,0.02426852970531071,0.0,0.02426852970531071,0.7767400325681567,1.6408677837894625,0.07674528549666439,5.595303881914167,1.5656668592740453,0.9254294269054998,0.9998949414298471,0.0,0.0,0.0,0.0,0.0,0.00019961128329043442,0.0,0.0,1.0,1.0,1.0,166,162
2018-07,fr,evidon,0.0032274817564214298,0.005004985044865404,0.02439488426170595,2.1139414438220062e-05,0.02441602367614417,0.7995983511256738,8.089620547510833,0.13927703202621286,32141.338040376282,3.826202304196174,0.686069125885213,0.9741359264348377,0.015241517809956664,0.0,0.5274812387696861,0.015400063418243315,3.1709121657330095e-05,0.008244371630905824,0.0,0.00022196385160131064,1.4872000845576578,1.0,1.0,167,117
2018-07,fr,leadplace,0.0031776759920796554,0.002213359920239282,0.7841116478797638,0.0042941492216854536,0.7844873859366613,0.6203435319377348,3.020214707461084,1.8942887815351583,106.20337090713902,1.0897691894793344,0.0025657541599570584,0.2619645732689211,0.8535480407944176,0.0,0.4022222222222222,1.0735373054213634e-05,0.0,0.00039720880300590447,0.0,0.0,1.0,1.0,1.0,168,190
2018-07,fr,appdynamics,0.0031763796776652802,0.00259222333000997,0.0006873442735630209,0.0,0.0006873442735630209,0.9791004381819743,3.443959962196065,0.001439127072772575,1255.2047963742589,1.566189105593264,0.648734856946473,0.9838259300627201,0.014219434659334994,0.0,0.05728584929976802,0.0,0.0,0.296245381905662,0.0,0.0,1.3248453475384483,1.0,1.0,169,174
2018-07,fr,oclasrv.com,0.0030958717298251517,0.003678963110667996,0.003592207334273625,0.0013994181946403385,0.004683092383638928,0.7441048131170663,1.4365854196050776,0.005696844146685472,4.588350669957687,1.4070984661495063,0.9261503878702397,0.9997796191819464,2.203808180535966e-05,0.0,5.5095204513399156e-05,0.0,0.0,6.611424541607899e-05,0.0,0.0,1.0,1.0,1.0,170,146
2018-07,fr,pubmatic,0.0030859788040312375,0.010179461615154536,0.1255775905905242,0.017521169109681413,0.12973403196922464,0.6886316906546395,4.231500519555173,1.142004377528686,3460.4695562777742,3.0782317437155933,0.8025137626848843,0.2960137958479804,0.37851252459596296,0.0,0.2420795472131945,0.0,0.0,0.42855563662090157,0.0,0.0,1.0,1.0,1.0,171,67
2018-07,fr,buysellads.com,0.0030640437995985248,0.004087736789631107,0.003518186575223505,0.0008795466438058763,0.003885592135294314,0.9136040258742583,2.6641245170843586,0.01579843908304479,19757.94122624389,0.7382847727095604,0.1812311426312918,0.999866397978156,0.0,0.0,0.023758892884578987,5.566750910163774e-05,1.1133501820327547e-05,0.004464534229951346,0.0,0.0,1.0,1.0,1.0,172,131
2018-07,fr,lengow,0.00302549550253948,0.0018743768693918245,0.49821285616029043,0.0,0.49821285616029043,0.8792860444925527,1.6720224605080676,0.767479619795014,830.5523458377025,0.8610537947208786,0.3354531001589825,0.8217140795363573,7.892748818906517e-05,0.0,0.48857242724576894,0.00022550710911161474,0.0,0.0005524924173234561,0.0,0.0,1.0,1.0,1.0,173,197
2018-07,fr,whos.amung.us,0.0030145450570917337,0.006311066799601197,0.04515209125475285,0.004073872895165671,0.04877331160601123,0.46551919246786166,2.9899284808980626,0.14101258374072062,208.7485741444867,1.4764507514032228,0.2402906029331885,0.6770210936085461,6.789788158609451e-05,0.0,0.3610696179612529,1.1316313597682419e-05,0.0,0.00013579576317218902,4.5265254390729674e-05,0.0,1.0,1.0,1.0,174,101
2018-07,fr,trusted_shops,0.003013214629140138,0.007278165503489532,0.02098970892911728,0.009996716820070419,0.030126006181435315,0.959197998392374,4.500401906508621,0.06466732330265258,40506.53552061044,1.327672678282331,0.2151614984886051,0.986482355738206,1.1321310102005003e-05,0.0,0.050187367682188185,0.7585957046949473,0.2836554246057354,0.10117854838161872,0.0,0.0,1.0,1.0,1.0,175,90
2018-07,fr,liveperson,0.0030091892317481318,0.0034297108673978067,0.42204486968745397,0.018852524061624968,0.4247769552550135,0.9874732176259197,11.280067111811451,4.701341102583578,7477.254707462788,2.7245241523166044,0.7807869766809128,0.998526260897167,0.5282221038192516,0.0,0.008218929611953158,5.6682273185883844e-05,0.00013603745564612124,0.008819761707723526,0.0,0.0015984401038419244,1.5311128997517316,1.0,1.0,176,153
2018-07,fr,unpkg.com,0.002994622751355024,0.006580259222333001,0.0008999362070536772,0.0,0.0008999362070536772,0.9943953340016404,3.9942700264285063,0.002847899389410371,9997.73400619703,1.3967693429326529,1.1391597557641484e-05,0.8152738540052857,0.0,0.0,0.020618791579331084,0.5519912512530757,0.014945775995625627,0.020926364713387404,0.00045566390230565937,0.0,1.0,1.0,1.0,177,98
2018-07,fr,adroll,0.0029240077293088093,0.009182452642073778,0.017395057983526613,0.0002333341111137037,0.01745339151130504,0.8539678465594885,1.6772639242130807,0.3418811396037987,443.3057610192034,1.2754042513475046,0.9526331754439181,0.9550598501995007,0.0009333364444548149,0.0,0.08752362507875026,0.0,0.0,0.020731735772452575,0.0,1.1666705555685186e-05,1.0,1.0,1.0,178,73
2018-07,fr,bidswitch,0.002911181039313941,0.006650049850448654,0.8223417469357145,0.002003796667369753,0.8224589280273735,0.9252501816306921,5.423832290421617,3.140687618645855,116.84522721413673,2.0857648409852585,0.09776418477114533,0.002273313178185568,0.015163233260681057,0.0,0.9807002742037545,0.0,0.0,0.007194919027865664,0.0,0.0,1.0011483746982588,1.0,1.0,179,97
2018-07,fr,bebi,0.002886039362382511,0.0009072781655034896,0.009704377016820132,0.002009432512618054,0.00972801739932152,0.41378943511306016,3.7146487630169855,0.1399865249819742,1528.5278306402997,3.5870734388482406,0.9611943121239702,0.9996572144537299,0.0006973912837909717,0.004326189997754163,0.006548385952884718,0.0006855710925402773,0.0,0.0002482240162645832,0.0,0.0,1.0,1.0,1.0,180,226
2018-07,fr,browser-update,0.0028764534584235805,0.0033599202392821537,0.8521465844402277,8.301707779886148e-05,0.8521465844402277,0.9306925996204933,1.3823173624288425,0.9192243833017077,323.3560009487666,0.4425877609108159,0.03927893738140417,0.9998102466793168,0.0,0.0,0.003012333965844402,7.115749525616698e-05,0.0,0.002763282732447818,0.0,0.0,1.0,1.0,1.0,181,155
2018-07,fr,sublime_skinz,0.0028501178076894367,0.0028414755732801594,0.02617656915784938,2.3938334849427872e-05,0.026188538325274093,0.7062407238952458,1.7056662038588595,0.28996505003111983,259346.27956384353,1.4250969502561401,0.9441997414659836,0.993177574567913,3.5907502274141814e-05,0.0,0.024369224876717575,3.5907502274141814e-05,0.0,0.0009695025614018289,0.0,0.00011969167424713937,1.0,1.0,1.0,182,163
2018-07,fr,tns,0.002787007763831709,0.0038185443668993023,0.5122891625253985,0.017160762809371097,0.5141496731866141,0.8637298342676687,4.6287057210702836,2.0358270704301207,70.93734240740288,2.5869299126049596,0.11926852554530099,0.07453058826409459,2.4480403437048643e-05,0.0,0.9658620774070357,0.0,0.0,0.002313398124801097,0.0036720605155572965,0.0,1.0,1.0,1.0,183,141
2018-07,fr,branch_metrics_inc,0.002757465440598848,0.0016151545363908275,0.6516107482185273,0.013967240696753761,0.652674683293745,0.9992206057007126,4.824017715756137,1.3903775732383215,8804.05500296912,1.3046813143309581,0.005369160728424386,0.9981195566112431,7.422802850356295e-05,0.0,8.65993665874901e-05,6.185669041963578e-05,0.0,0.6457591053048297,0.0,0.0,1.6570417656373713,1.0,1.0,184,202
2018-07,fr,maxcdn,0.002731129789864704,0.008325024925224326,0.02208343742193355,0.001723707219585311,0.022945291031726205,0.9473145141144141,19.2130776917312,0.609018236322758,333853.8800024981,6.002435673245066,0.06331501373969523,0.4330002498126405,0.02837871596302773,0.0,0.7785785660754434,0.2541718710966775,0.10201099175618286,0.005246065450911816,0.000899325505870597,0.010954284286784912,1.00121159130652,1.0,1.0,185,82
2018-07,fr,stripe.com,0.002708034925166498,0.008554336989032902,0.4832268873688321,0.004799516269226409,0.48331506745776803,0.996875905420556,6.7843870853961175,1.9843795271027802,64199.13088444629,1.0713628862602824,0.0,0.971593414207072,0.5673254979025736,0.0,0.11479787863900331,0.07908494261995641,0.00010077724449819231,0.4173437637781389,0.0,0.0,1.4216519909804366,1.0,1.0,186,76
2018-07,fr,lightInthebox,0.002706909178438225,0.011665004985044865,0.6020415879017014,0.0005166981726528041,0.6022180214240705,0.9302457466918714,2.9398991808443604,1.7497794580970385,1019.6512035286704,1.193182104599874,0.20134845620667927,0.9791934467548834,0.43282923755513547,0.0,0.05490863264020164,0.004158790170132325,0.0,0.001865154379332073,0.0,0.0,1.0,1.0,1.0,187,55
2018-07,fr,emarsys,0.002691216951316844,0.002781655034895314,0.5284826974267968,0.004816833565724426,0.5306756242869819,0.9420965901888706,2.32058562555457,0.7336417796932437,2132.907009760426,0.8924325009506908,0.2721637723412346,0.9943465584991761,3.802763341361389e-05,0.0,0.0009253390797312713,5.0703511218151855e-05,2.5351755609075928e-05,0.6880212954747116,0.0,0.0,1.0,1.0,1.0,188,168
2018-07,fr,zemanta,0.0025234124617297283,0.004067796610169492,0.038650281867218236,0.0011896554054967488,0.03983993727271498,0.9489259304321964,1.187532952102851,0.06348433845696286,67.35922185721431,1.1242243581944276,0.9338794933149478,0.02628056941233727,0.00033797028565248544,0.0,0.9750172364845683,6.759405713049709e-05,0.0,0.00028389503994808774,0.0,0.0,1.0,1.0,1.0,189,132
2018-07,fr,adform,0.0024843524616123777,0.009880358923230309,0.5444072172026474,0.047126026419136026,0.5455057259769862,0.8530332573531431,3.8039985719385934,2.138920165874825,11872.099991761184,1.5859995056710516,0.39106912366462526,0.5494466262049268,0.030950484716996678,0.02345316233213413,0.38210254579408454,0.0004943289484524758,0.0006453739049240656,0.12105566693213962,0.0,0.00045313486941476945,1.0012495537308104,1.0,1.0,190,71
2018-07,fr,sovrn,0.0024440302606178726,0.004695912263210369,0.20977332365585394,0.0017447378705823238,0.21034559767740493,0.8113728993356039,4.338674557534476,0.42606498799620346,1542.850762101502,3.710233934453688,0.6621070850315448,0.7333482217631623,0.16533136061638098,0.0,0.014711629724750154,9.770532075261013e-05,0.0,0.3459605828820278,0.0,0.0,1.1007202277929764,1.0997710903913795,1.0,191,121
2018-07,fr,conversant,0.0024383674134392875,0.004317048853439681,0.383082906628613,0.013276812445787515,0.3854472704888217,0.7962869694171634,3.719773916449817,0.8341307814992025,3837.4228573826913,2.107697473348443,0.4147429978454909,0.32458938414617083,0.37040767788690226,5.5961274797839894e-05,0.3532275665239654,0.0003077870113881194,0.0,0.2013906376787263,0.0,0.0,1.138476174487255,1.07746439463891,1.0,192,129
2018-07,fr,cpx.to,0.0023819777364139766,0.0023030907278165503,0.33488005728607234,0.0025205871822413174,0.334937343358396,0.5623344074471894,2.009609738632295,0.7199856784819191,472.4105836018618,1.2050411743644827,0.31036161833154313,0.8822055137844611,0.00027210884353741496,0.0,0.3049767275331185,0.0,0.0,0.00034371643394199783,0.0,0.0,1.0,1.0,1.0,193,188
2018-07,fr,intercom,0.002291747430466036,0.008075772681954137,0.5036320333432569,0.0005656445370646026,0.5036320333432569,0.9985561178922299,17.012950282822267,2.772834176838345,381749.10738314973,7.852441202738911,0.5146472164334623,0.9660464423935695,4.465614766299494e-05,0.010107174754391188,0.1611491515331944,0.006564453706460256,0.3955790413813635,0.5681155105686216,0.0,0.01436439416493004,1.842229830306639,1.0,1.0,194,85
2018-07,fr,gemius_sa,0.0022779314478917766,0.006919242273180458,0.44280044926993634,0.19002620741295395,0.45016847622613254,0.7208536128790715,5.511523773867466,2.819573193560464,5981.308663421939,2.7673081242980158,0.41915387495320106,0.9359191314114563,0.4630924747285661,0.005630849868962935,0.13115687008611007,0.00010482965181579933,0.0,0.005241482590789966,0.0,2.995132909022838e-05,1.0,1.0,1.0,195,94
2018-07,fr,rocket_science_group,0.002263842557019754,0.010119641076769692,0.11477954250926735,0.0008438564238570267,0.11494530002109642,0.8563334438383412,3.538892739820982,0.25678852355263554,172655.47286097467,1.3310478888520538,0.01656068231819415,0.4789487959977095,0.0011603025828034116,0.0,0.18937042283234382,0.3912932099695609,1.5068864711732618e-05,0.009794762062626201,0.0,0.0,1.2099996986227057,1.0,1.0,196,68
2018-07,fr,statcounter,0.002253881404151399,0.008654037886340978,0.4411079158468291,0.010413198123202664,0.4411987286211594,0.576570304222794,2.0342364159225066,1.0213258665052218,2665.4926290298167,1.0431512032692598,0.24687452701680038,0.9160889965188437,0.0001816255486605116,0.0,0.453624943242016,4.54063871651279e-05,1.5135462388375965e-05,0.0006659603450885424,0.0,0.0,1.0,1.0,1.0,197,75
2018-07,fr,sourcepoint,0.0021931251943618784,0.002532402791625125,0.0004666428160338472,9.332856320676943e-05,0.0005599713792406166,0.8586694457838822,1.2801879015072564,0.0006221904213784628,56.40112616466269,0.39152887741293224,0.00970617057350402,0.0,0.0,0.0004666428160338472,0.9874473082486895,0.0,0.0,6.22190421378463e-05,0.0,0.0,1.000031109521069,1.0,1.0,198,176
2018-07,fr,trustarc,0.0021053169495565856,0.004147557328015953,0.08855221583083529,0.00993275540792352,0.09707526533257717,0.9432390828809851,5.163655513246375,0.8980312727861947,8896.649258689136,0.9133435955602366,0.017289151745928866,0.8433768127683707,0.07471441302762699,0.0,0.777947014502147,0.07234869966782792,0.020254395203759216,0.07776067406627238,0.0,0.0,1.4412865591833428,1.4467309406141133,1.0,199,130
2018-07,fr,the_adex,0.002085599325043198,0.002522432701894317,0.7374421381487479,0.034103734236223565,0.7379001259466444,0.6815021999771006,5.7617972749726025,3.68583672735005,513.0278227587222,1.847637273664066,0.3733418388210086,0.8597575936012561,0.5665145492909367,0.002649786544972766,0.7075420776289317,1.6356707067733123e-05,0.0,0.01643849060307179,0.0,0.0,1.0013739633936896,1.0013739633936896,1.0,200,177
2018-07,fr,tradedoubler,0.0020501212463339886,0.003300099700897308,0.2662029718621562,0.001530858445513087,0.26643592858212556,0.7443632793650266,2.0800372730751953,0.4951827878263474,6372.26136080004,1.3814832687155765,0.303243090337288,0.7727839992012913,0.023145914105529394,0.0026290829825116064,0.23289016090653444,0.00021631695425728407,0.0,0.0016473368054977786,0.0,0.0,1.0,1.0,1.0,201,156
2018-07,fr,nice264.com,0.0020144725999386775,0.001016949152542373,5.080268238162975e-05,0.0,5.080268238162975e-05,0.9875702770439613,2.553766172187225,0.0001016053647632595,320.26857684752423,1.5019474361579626,3.38684549210865e-05,3.38684549210865e-05,0.0,0.0,0.0,0.0,0.0,0.9147530989636253,0.08506062453430875,1.693422746054325e-05,1.0,1.0,1.0,202,218
2018-07,fr,algolia.net,0.001959993280997709,0.0028414755732801594,0.02753459228961796,0.0,0.02753459228961796,0.995109215908102,8.435714907318772,0.028004525280654426,3034.5878165520844,0.7754068401357584,0.000609172395788008,0.005952484553128535,0.0,0.0,0.028805151857975806,5.221477678182926e-05,0.0,0.9713688973979636,0.0,0.0,1.0016708728570185,1.0,1.0,203,163
2018-07,fr,first_impression,0.0019515331237670514,0.001016949152542373,0.01120492247452235,6.992151310154352e-05,0.011222402852797735,0.845438495289038,1.0725610502211267,0.027077105948572728,772.1190938171902,1.002534654849931,0.859073190343839,0.9996678728127677,0.0024297725802786374,0.0,0.006380338070515846,0.0,0.0,0.0009264600485954516,0.0,0.0,1.0,1.0,1.0,204,218
2018-07,fr,fastlylb.net,0.0019165326345789277,0.005722831505483549,0.003880315409124081,0.0,0.003880315409124081,0.9168936117192645,51.919510154678626,0.04674178102917356,10671708.855556149,8.813086274719211,0.012406329542015985,0.5157437567861021,0.004912692903294708,0.0,0.5362667093857354,0.07292501023477688,0.09268257951976647,0.2820882504761396,0.0013527705096028906,0.0037201189014079493,1.1293141809508553,1.0,1.0,205,107
2018-07,fr,viglink,0.0018657716911949821,0.0036590229312063807,0.4035799828131571,0.0005668001389574534,0.40383595706946046,0.8429415098824347,3.7671182783902877,1.3295485711151336,11159.099647121204,2.4240579233174264,0.6811474960232571,0.9848792350026512,0.00021940650540288518,0.0,0.40147733713637945,1.8283875450240432e-05,0.0,0.396577258515715,0.0,0.0,1.0,1.0,1.0,206,148
2018-07,fr,twenga,0.0018482032195264795,0.0017547357926221336,0.9678282697774004,0.0,0.9678282697774004,0.8820369891838016,3.2288198161615416,2.0132526117612315,72.21333382553804,1.2132599948318505,5.537302964302854e-05,0.908689874118646,0.0,0.0,0.09463250765993576,0.0,0.0,0.0009782568570268376,0.0,0.0,1.0,1.0,1.0,207,198
2018-07,fr,bugsnag,0.0018207077085268424,0.003748753738783649,0.00043093757026156036,0.0,0.00043093757026156036,0.9867158809862849,2.6302555647155814,0.0004684104024582178,1795.178164580679,0.5895788053661095,0.16742861425466538,0.6024319868095631,0.0,0.0,0.22609233305853257,0.0,0.0,0.2555085063329086,0.0,0.0,1.0882672562392266,1.0,1.0,208,143
2018-07,fr,myfonts,0.0017820570708561366,0.004995014955134596,0.020042496985011198,0.0,0.020042496985011198,0.8923218285189226,1.3394973104385612,0.027106185034169873,881.280996956297,0.37173376213174064,0.059782920806294146,0.24364938073087158,0.0,0.0,0.0015505656693275138,0.7533069162885967,9.57139302054021e-05,0.0024311338272172134,0.0,0.0,1.0,1.0,1.0,209,119
2018-07,fr,coinhive,0.001729999813057816,0.001535393818544367,0.022420286711494094,0.0,0.022420286711494094,0.9988957466527321,1.8494074497663322,0.05361544377181393,306.8437875889811,1.6613885985841894,0.8150178455228443,0.9943012639757064,0.02338650839035356,0.0,0.012146786819947549,0.005028296492023742,0.0,0.01131859680949658,0.0,0.0,1.0012422850156764,1.0,1.0,210,203
2018-07,fr,apicit.net,0.0017287717257178819,0.007288135593220339,0.6386526432109241,0.0,0.6386526432109241,0.9018292321960653,1.72151074451921,0.9997040077352645,955.19397359749,0.48256605560708016,0.0003946563529806421,0.9805434417980543,0.0,0.0,0.012451407936539259,0.0,0.0,0.006571028277127691,0.0,0.0,1.0,1.0,1.0,211,89
2018-07,fr,superfastcdn.com,0.0017049945902752675,0.0013958125623130609,0.0,0.0,0.0,0.6165066026410564,1.0288515406162464,0.0,0.5894357743097239,1.028811524609844,0.9495598239295718,0.9999799919967988,0.0,0.0,0.0,0.0,0.0,0.00030012004801920766,0.0,0.0,1.0,1.0,1.0,212,210
2018-07,fr,heatmap,0.0016509928608553846,0.0013160518444666,0.000309936566316094,0.002644792032564002,0.002913403723371283,0.6778725954088063,2.529020393826064,0.01111639151187057,4885.618447424427,0.922288571605678,0.24299026799181767,0.9987395912969812,0.0,0.0,0.19877265119738827,0.0,0.0,0.0002686116908072814,0.0,0.0,1.0,1.0,1.0,213,212
2018-07,fr,propeller_ads,0.0016495259787549078,0.002502492522432702,0.004591140339992555,0.0027298672291847623,0.007321007569177317,0.518488646234024,1.806386234851305,0.018798858419158706,10.110208048972163,1.761053894196964,0.9250940976961575,0.9948711585391075,0.003825950283327129,0.0,0.005087479836207966,0.0,0.0,0.0029573561649501594,0.0,0.0,1.0138354634570046,1.0,1.0,214,178
2018-07,fr,cloudinary,0.0016210411751758792,0.0037387836490528413,0.013447252677876219,0.0,0.013447252677876219,0.8753761653233444,23.060102274879522,0.2294240198657379,371523.7493002799,6.015004524505987,0.027946716050421937,0.048527957238157365,0.0005681937751215304,0.0,0.971295692249416,0.004924346051053263,0.011637450283044677,0.01898188093183779,4.2088427786780027e-05,0.0013678739030703508,1.0,1.0,1.0,215,144
2018-07,fr,turn_inc.,0.0016080780310321295,0.004426719840478564,0.09128322620335604,0.00048791870850039247,0.09147415091537793,0.9631939582935574,1.504126095165362,0.193979507414243,86.00386092195421,1.3267570376970237,0.878423386155837,0.20702602940240566,0.34892551814845457,0.0,0.6039372918390292,0.0,0.0,0.0008485542756528564,0.0,0.0,1.0,1.0,1.0,216,126
2018-07,fr,qualtrics,0.0016061335594105672,0.0026819541375872383,0.05530776092774309,0.00256998428274075,0.0566670914574572,0.9940316893929739,3.817318720530139,0.16243999830083683,14717.517331464254,1.275604264899537,0.5910326664117922,0.9442249692026677,0.01450660549679283,0.0,0.08791045410135508,0.008304659954972177,0.00027611401384817976,0.5196890531413279,0.0,0.0,1.0,1.0,1.0,217,171
2018-07,fr,getsitecontrol,0.001580787201255815,0.0021834496510468593,0.006495608450765015,0.000712143119186862,0.0066035089233690844,0.6152484947884072,2.468395951574268,0.01780357797967155,20716.39195925678,0.5890502600401389,0.001165325104123956,0.9991799564082091,0.0,0.00038844170137465204,0.15835473359373314,0.0,0.0,0.1360840760482531,0.0,0.0,1.0,1.0,1.0,218,191
2018-07,fr,themoviedb,0.0015766594632521471,0.0030807577268195416,0.9838374659223679,0.00010818295902029512,0.9838374659223679,0.9704444155956554,16.017936734605566,11.236185036133108,465989.05980353977,5.38363840927777,0.0031156692197844994,0.0,0.0,0.0,0.9991994461032498,0.0,0.0,0.0004543684278852395,0.0,0.0,1.0,1.0,1.0,219,158
2018-07,fr,optanaon,0.0015672100134420982,0.002971086739780658,0.010143444853181255,0.0016325286780871117,0.010143444853181255,0.9957118913388912,1.6562547615419778,0.033303585032977076,21877.4346662023,0.3728913171241375,0.0,0.985699048779957,0.0,0.0,0.006726018153718901,0.19170240090550925,0.0,0.0018937332665810496,0.0,0.0,1.0,1.0,1.0,220,159
2018-07,fr,hubspot,0.0014414675152477278,0.008364905284147557,0.7526919891137144,0.1581587977754112,0.7527866524671637,0.86822861199858,5.325902260087563,3.7950775056206365,9919.01429416637,1.808022719204828,0.3388948053484795,0.974653887113951,0.00889835522423382,0.0,0.5164832564193587,0.0033132173707253578,0.00011832919181161993,0.269175245533073,0.0,0.0,2.260773872914448,1.0,1.0,221,81
2018-07,fr,clicktale,0.0014130850522803603,0.0024825523429710867,0.030707577915650725,0.023779059942543996,0.050744755329164955,0.9721652222195398,6.721845351616252,0.11189435820679333,29770.83750573353,3.3112763440600634,0.5920865219805422,0.970258069188615,0.06320160297419308,0.07688965067716003,0.0014243294787919755,2.414117760664365e-05,0.0007242353281993096,0.283586413345243,0.0,0.0,1.0010622118146923,1.0,1.0,222,180
2018-07,fr,sift_science,0.0012839653139011709,0.001535393818544367,0.0003453956108188533,0.004144747329826239,0.00430416068866571,0.9977416440831075,1.2387480737552474,0.0059514320633402415,22.749295924331793,0.8167012062277486,0.3900313512939051,0.9767522185025772,0.0,0.0,0.023221212604282906,0.0,0.0,0.0008767734736170891,7.970667941973537e-05,0.0,1.0172432116478027,1.0,1.0,223,203
2018-07,fr,boudja.com,0.0012426538203272745,0.0028015952143569294,0.11085184066763665,0.0,0.11085184066763665,0.9697202624426936,1.276113871578774,0.18472561561479123,735.2411398138743,1.0833722238998544,0.8626293683256925,0.0,0.6959398248551898,0.0,0.06659895132731215,0.0,0.0,0.30515826172893734,0.0,0.0,1.0,1.0,1.0,224,167
2018-07,fr,webtrekk,0.0012237549207071764,0.0027517447657028913,0.5967998215928414,0.00819557884760126,0.5978591140969531,0.8442282496585175,3.901876062777019,2.069578791849023,3349.462604186993,1.2884341984222116,0.32291695704290135,0.7728096339865637,0.012404872745518915,0.0,0.6268224012488501,0.0,0.0,0.011150447411702395,0.0,0.0,1.8749198561592284,1.0,1.0,225,170
2018-07,fr,intango,0.0012201047722245942,0.002821535393818544,2.795951462282615e-05,0.0006430688363250014,0.0006710283509478275,0.5851367220265056,2.117681597047475,0.0012861376726500029,7.644802326231616,2.0672985516971427,0.9310238774254879,0.9999161214561315,0.0,0.0,0.0,0.0,8.387854386847844e-05,8.387854386847844e-05,0.0,0.0,1.0,1.0,1.0,226,166
2018-07,fr,giphy.com,0.00119632763678198,0.0034297108673978067,0.3233339986883002,0.001368730217571074,0.32427500071288035,0.8989135703898029,21.25985913484844,7.29145399070404,5623407.199948672,4.072514186318401,0.044597792922524165,0.16587299324189456,0.17126236847358065,0.0,0.9854002110125752,0.002965582138070661,0.15170093244746072,0.008240896518292509,0.00028515212866064046,0.10228406855057173,1.0,1.0,1.0,227,153
2018-07,fr,vibrant_media,0.0011172865710423281,0.001415752741774676,0.005831704934049829,3.053248656570591e-05,0.005831704934049829,0.7552210552027357,1.4029066927210552,0.045890327308255985,21.634434538348803,1.3484367366878358,0.9554225696140694,0.9993588177821202,3.053248656570591e-05,0.0,0.005068392769907181,0.0046104054714215924,0.0,0.002778456277479238,0.0,0.0,1.0,1.0,1.0,228,208
2018-07,fr,coll1onf.com,0.0011136023090225257,0.00018943170488534396,0.0010721725278764857,0.0,0.0010721725278764857,0.8016174488420537,4.12421884572969,0.0044724911162847695,448.63402156598454,1.1132214189437568,0.002757015071682392,0.0,0.0,0.0,0.9985602254625658,0.0,0.0,0.0,0.0,0.0,1.0,1.0,1.0,229,246
2018-07,fr,livefyre,0.001061886186596409,0.0008374875373878365,0.034599074787972244,0.004850938062194808,0.03871112824466718,0.6482909277820612,12.24845797995374,0.14343998971986635,30638.64327936263,1.786751477769211,0.05467746080699049,0.9059689025957337,0.0,0.0,0.00639295810845541,0.02721022873297353,0.0008673862760215882,0.20624518118735544,0.0,0.0,1.6677910562837317,1.0,1.0,230,229
2018-07,fr,dataxu,0.0010177432694332199,0.002971086739780658,0.7205872494469397,0.0014413085741100758,0.7210565127036267,0.9107729436213716,1.3204062479050747,0.7879935643896225,3842.9444593416906,0.5396862639941007,0.10575182677482067,0.016390695179995977,0.008848964268954883,0.0,0.9837098612321512,0.0,0.0,0.00010055641214721458,0.0,0.00016759402024535766,1.0,1.0,1.0,231,159
2018-07,fr,sharethrough,0.0010032450161145527,0.0029611166500498505,0.011935121901458737,0.0002380223741031657,0.012071134686660547,0.7475262674691421,1.33309531095923,0.020979972117379033,27.794382671971164,1.2909993539392703,0.9524295283756673,0.9439287293005543,0.004488421911659696,0.0,0.048148525961440376,0.0,0.0,0.010949029208745622,0.0,0.0,1.0,1.0,1.0,232,161
2018-07,fr,juggcash,0.000995910605612168,0.0016650049850448654,0.25745016099198464,0.0015414126190313078,0.25758717544700965,0.8981297526889087,3.4652668356511613,0.4903747345344934,274731.2535109954,1.8639446461601699,0.7066177981777078,0.00558333904226896,0.9633486332808111,0.0,0.27950948825101046,0.011954511200931698,0.0,0.005103788449681441,0.00010276084126875385,0.23573336987052135,1.0000685072275124,1.0,1.0,233,201
2018-07,fr,cdn77,0.0008806750768816788,0.003928215353938186,0.003408738766656337,0.0,0.003408738766656337,0.9670359466997211,8.149248528044623,0.08583823985125504,326254.02726991015,1.967539510381159,0.007437248218159281,0.5204136969321351,0.005229315153393244,0.0,0.5256817477533313,0.3894871397582894,0.16234118376200807,0.15839014564611095,0.0007359776882553455,0.0070498915401301515,1.1745041834521228,1.0,1.0,234,136
2018-07,fr,peer5,0.0007812341158842318,0.0015254237288135593,0.9170341906466967,0.0044102877603598096,0.9177328500938824,0.8823195493646566,3.65770053709445,2.944543906379634,6424.877559931881,0.6650801275053491,0.0003493297235928562,0.9603947425876599,0.0,0.0,0.0,0.0,0.0,0.0,0.0007859918780839264,0.0,1.0,1.0,1.0,235,205
2018-07,fr,toro_advertising,0.0007090157575886587,0.0005782652043868395,0.02372016936104696,0.0,0.02372016936104696,0.9780119322555813,2.9091127790608162,0.05056774441878368,29.881110469591995,2.824769053117783,0.928598922247883,0.9987971516551193,0.0001443418013856813,0.0,0.024153194765204004,0.0,0.0,0.002838722093918399,0.0,0.0,1.2212278675904542,1.0,1.0,236,237
2018-07,fr,distil_networks,0.0005787361589439759,0.00032901296111665,0.5964043619216033,0.0036545829649277926,0.5964633068081344,0.988623636899499,8.630946065428825,7.021986442676098,808.33474801061,1.362746831712349,0.00017683465959328028,0.9910993221338049,0.5865605658709107,0.0,0.5361626878868259,0.0,0.0,0.5869142351900972,0.0,0.0,1.5749484232242852,1.5749484232242852,1.0,237,245
2018-07,fr,mncdn.com,0.0005107137657265113,0.0008175473579262214,0.008349475652928996,0.0,0.008349475652928996,0.9412196914033799,5.210139603232917,0.11495558078952642,349005.37666154566,0.9502371251085432,0.00013359161044686394,0.05343664417874557,6.679580522343197e-05,0.0,0.9484336383675105,0.014561485538708169,0.0067463763275666284,0.008416271458152429,0.0,0.0015363035201389353,1.0,1.0,1.0,238,230
2018-07,fr,eyeota,0.0005011619753048011,0.002452642073778664,0.6949833231230005,0.00918929957116602,0.6964127697229596,0.8445987339187258,2.579470424069158,1.3076713634197807,40.9756994078007,1.2838472534204615,0.3041998502484514,0.4510244367299707,0.01762984139949629,0.0,0.5308692396705466,0.0,0.0,6.806888571234089e-05,0.0,0.0,1.0,1.0,1.0,239,182
2018-07,fr,crimsonhexagon_com,0.0004967613290033703,0.0009172482552342971,0.00020601565718994644,0.0,0.00020601565718994644,0.9982832028567504,1.673053152039555,0.00041203131437989287,11.263425353660212,0.35867325916769677,0.0,0.0,0.0,0.0,0.9982832028567504,0.0,0.0,0.0,0.0,0.0,1.0,1.0,1.0,240,224
2018-07,fr,optimicdn.com,0.0004536077044195725,0.0006580259222333,0.0033842220049635258,0.0,0.0033842220049635258,0.9989471309317891,2.9884184402496805,0.019703692562232082,59081.20049635256,0.4021959840565541,0.0,0.0011280740016545085,0.0,0.0,0.9978942618635782,0.0006768444009927051,7.52049334436339e-05,0.0006768444009927051,0.0,0.0,1.0,1.0,1.0,241,234
2018-07,fr,easylist_club,0.0003070900620579824,0.0005682951146560319,0.02521661852921573,0.0,0.02521661852921573,1.0,2.7723839146856255,0.05387691624083537,0.9304598978004888,2.723839146856254,0.9190179960008887,1.0,0.0,0.0,0.0,0.0,0.0,0.00011108642523883582,0.0,0.0,1.0,1.0,1.0,242,238
2018-07,fr,lottex_inc,0.00023927235006384007,0.0005383848454636092,0.09837467921300257,0.0,0.09837467921300257,0.9709153122326775,1.2865697177074422,0.24550898203592814,53.22184203022526,1.0082691759338467,0.5747077274023382,0.036783575705731396,0.0,0.0,0.06187624750499002,0.0,0.0,0.9629312802965497,0.0,0.0,1.0,1.0,1.0,243,239
2018-07,fr,apn_news_media,0.00021099222770813386,0.001226321036889332,0.013096200485044462,0.0,0.013096200485044462,0.6894098625707357,2.6227970897332256,0.024413904607922393,513.4326596604689,1.7508488278092158,0.537429264349232,0.4032336297493937,0.13516572352465642,0.0,0.46079223928860147,0.0,0.0,0.11366208569118835,0.0,0.0,1.1489086499595795,1.0,1.0,244,216
2018-07,fr,dtscout.com,0.00015269219259848136,0.0003589232303090728,0.3378016085790885,0.00044682752457551384,0.3380250223413762,0.06747095621090259,1.1418677390527256,0.3512064343163539,11.839365504915103,0.7937890974084003,0.0,1.0,0.0011170688114387846,0.0,0.0,0.0,0.0,0.0,0.0,0.0,1.0,1.0,1.0,245,243
2018-07,fr,harris_ia,5.72766289930407e-05,0.0004985044865403788,0.35318642048838594,0.005360333531864205,0.35318642048838594,0.6819535437760572,1.8552709946396664,0.5092316855270994,380.5342465753425,0.9088743299583085,0.44312090530077425,0.7927337701012508,0.26980345443716497,0.0,0.20011911852293032,0.0,0.0,0.0,0.0,0.0,1.2686122692078619,1.0,1.0,246,240
